,,,,,,Total of Displayed Rows,,,"145,106,561","691,533","145,798,094","147,609,685","65,462,721","213,072,406","219,868,448","124,897,313","344,765,761",
Account,Account Title,Organization,Budget Activity,Budget Activity Title,Line Number,PE/BLI,Program Element/Budget Line Item (BLI) Title,Include In TOA,FY 2025 Actuals,FY 2025 Reconciliation,FY 2025 Total,FY 2026 Discretionary Enacted,FY 2026 PL 119-21 Spend Plan,FY 2026 Total,FY 2027 Discretionary Request,FY 2027 Mandatory Request,FY 2027 Total,Classification
2040A,"Research, Development, Test and Evaluation, Army",A,01,Basic research,1,0601102A,Defense Research Sciences,Y,"290,464",,"290,464","258,178","1,000","259,178","215,322",,"215,322",U
2040A,"Research, Development, Test and Evaluation, Army",A,01,Basic research,2,0601103A,University Research Initiatives,Y,"75,313",,"75,313","77,178","28,000","105,178","63,102",,"63,102",U
2040A,"Research, Development, Test and Evaluation, Army",A,01,Basic research,3,0601104A,University and Industry Research Centers,Y,"109,728",,"109,728","72,391",,"72,391","53,598",,"53,598",U
2040A,"Research, Development, Test and Evaluation, Army",A,01,Basic research,4,0601121A,Cyber Collaborative Research Alliance,Y,"5,525",,"5,525","5,463",,"5,463",,,,U
2040A,"Research, Development, Test and Evaluation, Army",A,01,Basic research,5,0601275A,Electronic Warfare Basic Research,Y,,,,"94,862",,"94,862","64,031",,"64,031",U
2040A,"Research, Development, Test and Evaluation, Army",A,01,Basic research,6,0601601A,Artificial Intelligence and Machine Learning Basic Research,Y,"9,933",,"9,933","17,012",,"17,012",,,,U
2040A,"Research, Development, Test and Evaluation, Army",A,02,Applied research,7,0602002A,Army Agile Innovation and Development-Applied Research,Y,973,,973,"9,455",,"9,455",,,,U
2040A,"Research, Development, Test and Evaluation, Army",A,02,Applied research,8,0602134A,Counter Improvised-Threat Advanced Studies,Y,"4,098",,"4,098","6,174",,"6,174",,,,U
2040A,"Research, Development, Test and Evaluation, Army",A,02,Applied research,9,0602135A,Counter Small Unmanned Aerial Systems (C-SUAS) Applied Research,Y,,,,"12,618",,"12,618","26,523",,"26,523",U
2040A,"Research, Development, Test and Evaluation, Army",A,02,Applied research,10,0602141A,Lethality Technology,Y,"126,660",,"126,660","176,157",,"176,157","232,046",,"232,046",U
2040A,"Research, Development, Test and Evaluation, Army",A,02,Applied research,11,0602143A,Soldier Lethality Technology,Y,"131,645",,"131,645","223,990",,"223,990","68,018",,"68,018",U
2040A,"Research, Development, Test and Evaluation, Army",A,02,Applied research,12,0602144A,Ground Technology,Y,"148,459",,"148,459","130,842",,"130,842","44,146",,"44,146",U
2040A,"Research, Development, Test and Evaluation, Army",A,02,Applied research,13,0602145A,Next Generation Combat Vehicle Technology,Y,"167,383",,"167,383","169,297",,"169,297","70,540",,"70,540",U
2040A,"Research, Development, Test and Evaluation, Army",A,02,Applied research,14,0602146A,Network C3I Technology,Y,"105,577",,"105,577","107,029",,"107,029","53,373",,"53,373",U
2040A,"Research, Development, Test and Evaluation, Army",A,02,Applied research,15,0602147A,Long Range Precision Fires Technology,Y,"66,351",,"66,351","114,294",,"114,294","24,086",,"24,086",U
2040A,"Research, Development, Test and Evaluation, Army",A,02,Applied research,16,0602148A,Future Verticle Lift Technology,Y,"52,804",,"52,804","38,920",,"38,920","17,727",,"17,727",U
2040A,"Research, Development, Test and Evaluation, Army",A,02,Applied research,17,0602150A,Air and Missile Defense Technology,Y,"47,942",,"47,942","71,792",,"71,792","36,113",,"36,113",U
2040A,"Research, Development, Test and Evaluation, Army",A,02,Applied research,18,0602180A,Artificial Intelligence and Machine Learning Technologies,Y,"17,072",,"17,072","13,745",,"13,745",,,,U
2040A,"Research, Development, Test and Evaluation, Army",A,02,Applied research,19,0602181A,All Domain Convergence Applied Research,Y,"12,088",,"12,088",,,,,,,U
2040A,"Research, Development, Test and Evaluation, Army",A,02,Applied research,20,0602182A,C3I Applied Research,Y,"25,281",,"25,281","26,317",,"26,317",,,,U
2040A,"Research, Development, Test and Evaluation, Army",A,02,Applied research,21,0602183A,Air Platform Applied Research,Y,"42,356",,"42,356","63,305",,"63,305","43,700",,"43,700",U
2040A,"Research, Development, Test and Evaluation, Army",A,02,Applied research,22,0602184A,Soldier Applied Research,Y,"13,873",,"13,873","27,597",,"27,597","2,429",,"2,429",U
2040A,"Research, Development, Test and Evaluation, Army",A,02,Applied research,23,0602213A,C3I Applied Cyber,Y,"28,656",,"28,656","4,716",,"4,716",63,,63,U
2040A,"Research, Development, Test and Evaluation, Army",A,02,Applied research,24,0602275A,Electronic Warfare Applied Research,Y,,,,"45,415",,"45,415","51,184",,"51,184",U
2040A,"Research, Development, Test and Evaluation, Army",A,02,Applied research,25,0602276A,Electronic Warfare Cyber Applied Research,Y,,,,"17,102",,"17,102","9,857",,"9,857",U
2040A,"Research, Development, Test and Evaluation, Army",A,02,Applied research,26,0602345A,Unmanned Aerial Systems Launched Effects Applied Research,Y,,,,"18,408",,"18,408","22,871",,"22,871",U
2040A,"Research, Development, Test and Evaluation, Army",A,02,Applied research,27,0602386A,Biotechnology for Materials - Applied Research,Y,"10,496",,"10,496","8,209",,"8,209","14,979",,"14,979",U
2040A,"Research, Development, Test and Evaluation, Army",A,02,Applied research,29,0602785A,Manpower/Personnel/Training Technology,Y,"19,072",,"19,072","17,191",,"17,191","14,275",,"14,275",U
2040A,"Research, Development, Test and Evaluation, Army",A,02,Applied research,30,0602787A,Medical Technology,Y,"64,842",,"64,842","186,793",,"186,793","149,221",,"149,221",U
2040A,"Research, Development, Test and Evaluation, Army",,02,Applied research,999,9999999999,Classified Programs,Y,"35,766",,"35,766","34,599",,"34,599","32,883",,"32,883",U
2040A,"Research, Development, Test and Evaluation, Army",A,03,Advanced technology development,31,0603002A,Medical Advanced Technology,Y,"9,599",,"9,599","8,860",,"8,860","17,876",,"17,876",U
2040A,"Research, Development, Test and Evaluation, Army",A,03,Advanced technology development,32,0603007A,"Manpower, Personnel and Training Advanced Technology",Y,"14,693",,"14,693","13,559",,"13,559","11,113",,"11,113",U
2040A,"Research, Development, Test and Evaluation, Army",A,03,Advanced technology development,33,0603025A,Army Agile Innovation and Demonstration,Y,"14,075",,"14,075","44,150",,"44,150","3,325",,"3,325",U
2040A,"Research, Development, Test and Evaluation, Army",A,03,Advanced technology development,34,0603040A,Artificial Intelligence and Machine Learning Advanced Technologies,Y,"25,025",,"25,025","37,487",,"37,487",,,,U
2040A,"Research, Development, Test and Evaluation, Army",A,03,Advanced technology development,35,0603041A,All Domain Convergence Advanced Technology,Y,"23,183",,"23,183","10,560",,"10,560","3,575",,"3,575",U
2040A,"Research, Development, Test and Evaluation, Army",A,03,Advanced technology development,36,0603042A,C3I Advanced Technology,Y,"19,860",,"19,860","26,228",,"26,228","1,211",,"1,211",U
2040A,"Research, Development, Test and Evaluation, Army",A,03,Advanced technology development,37,0603043A,Air Platform Advanced Technology,Y,"16,596",,"16,596","51,266",,"51,266","23,471",,"23,471",U
2040A,"Research, Development, Test and Evaluation, Army",A,03,Advanced technology development,38,0603044A,Soldier Advanced Technology,Y,"13,580",,"13,580","10,807",,"10,807","3,951",,"3,951",U
2040A,"Research, Development, Test and Evaluation, Army",A,03,Advanced technology development,39,0603116A,Lethality Advanced Technology,Y,"53,785",,"53,785","51,232",,"51,232","31,812",,"31,812",U
2040A,"Research, Development, Test and Evaluation, Army",A,03,Advanced technology development,40,0603118A,Soldier Lethality Advanced Technology,Y,"100,309",,"100,309","166,186",,"166,186","125,121",,"125,121",U
2040A,"Research, Development, Test and Evaluation, Army",A,03,Advanced technology development,41,0603119A,Ground Advanced Technology,Y,"89,885",,"89,885","187,007","1,500","188,507","25,043",,"25,043",U
2040A,"Research, Development, Test and Evaluation, Army",A,03,Advanced technology development,42,0603134A,Counter Improvised-Threat Simulation,Y,"20,688",,"20,688","15,692",,"15,692",,,,U
2040A,"Research, Development, Test and Evaluation, Army",A,03,Advanced technology development,43,0603135A,Counter Small Unmanned Aerial Systems (C-SUAS) Advanced Technology,Y,,,,"7,773",,"7,773","156,520",,"156,520",U
2040A,"Research, Development, Test and Evaluation, Army",A,03,Advanced technology development,44,0603275A,Electronic Warfare Advanced Technology,Y,,,,"85,922",,"85,922","156,326",,"156,326",U
2040A,"Research, Development, Test and Evaluation, Army",A,03,Advanced technology development,45,0603276A,Electronic Warfare Cyber Advanced Technology,Y,,,,"15,254",,"15,254","15,278",,"15,278",U
2040A,"Research, Development, Test and Evaluation, Army",A,03,Advanced technology development,46,0603345A,Unmanned Aerial Systems Launched Effects Advanced Technology Development,Y,,,,"13,898",,"13,898","33,129",,"33,129",U
2040A,"Research, Development, Test and Evaluation, Army",A,03,Advanced technology development,47,0603386A,Biotechnology for Materials - Advanced Research,Y,"35,033",,"35,033","24,683",,"24,683","22,402",,"22,402",U
2040A,"Research, Development, Test and Evaluation, Army",A,03,Advanced technology development,48,0603457A,C3I Cyber Advanced Development,Y,"39,616",,"39,616","29,829",,"29,829","8,509",,"8,509",U
2040A,"Research, Development, Test and Evaluation, Army",A,03,Advanced technology development,49,0603461A,High Performance Computing Modernization Program,Y,"231,168",,"231,168","236,609",,"236,609","215,090",,"215,090",U
2040A,"Research, Development, Test and Evaluation, Army",A,03,Advanced technology development,50,0603462A,Next Generation Combat Vehicle Advanced Technology,Y,"248,074",,"248,074","308,201",,"308,201","118,207",,"118,207",U
2040A,"Research, Development, Test and Evaluation, Army",A,03,Advanced technology development,51,0603463A,Network C3I Advanced Technology,Y,"150,510",,"150,510","143,939",,"143,939","48,490",,"48,490",U
2040A,"Research, Development, Test and Evaluation, Army",A,03,Advanced technology development,52,0603464A,Long Range Precision Fires Advanced Technology,Y,"174,160",,"174,160","184,206","155,700","339,906","422,590",,"422,590",U
2040A,"Research, Development, Test and Evaluation, Army",A,03,Advanced technology development,53,0603465A,Future Vertical Lift Advanced Technology,Y,"173,161",,"173,161","111,686","8,401","120,087","14,984",,"14,984",U
2040A,"Research, Development, Test and Evaluation, Army",A,03,Advanced technology development,54,0603466A,Air and Missile Defense Advanced Technology,Y,"60,451",,"60,451","59,080",,"59,080","63,924",,"63,924",U
2040A,"Research, Development, Test and Evaluation, Army",A,03,Advanced technology development,56,0603920A,Humanitarian Demining,Y,"22,934",,"22,934","36,349",,"36,349","7,619",,"7,619",U
2040A,"Research, Development, Test and Evaluation, Army",,03,Advanced technology development,999,9999999999,Classified Programs,Y,"155,526",,"155,526","70,537",,"70,537","80,717",,"80,717",U
2040A,"Research, Development, Test and Evaluation, Army",A,04,Advanced component development and prototypes,58,0603305A,Army Missle Defense Systems Integration,Y,"19,886",,"19,886","17,641",,"17,641","8,367",,"8,367",U
2040A,"Research, Development, Test and Evaluation, Army",A,04,Advanced component development and prototypes,59,0603308A,Army Space Systems Integration,Y,"32,132",,"32,132","92,580",,"92,580","59,573",,"59,573",U
2040A,"Research, Development, Test and Evaluation, Army",A,04,Advanced component development and prototypes,60,0603327A,Air and Missile Defense Systems Engineering,Y,"30,000",,"30,000","100,000",,"100,000",,,,U
2040A,"Research, Development, Test and Evaluation, Army",A,04,Advanced component development and prototypes,61,0603619A,Landmine Warfare and Barrier - Adv Dev,Y,"58,477",,"58,477","34,296",,"34,296","31,374",,"31,374",U
2040A,"Research, Development, Test and Evaluation, Army",A,04,Advanced component development and prototypes,62,0603627A,"Smoke, Obscurant and Target Defeating Sys-Adv Dev",Y,,,,,,,"5,596",,"5,596",U
2040A,"Research, Development, Test and Evaluation, Army",A,04,Advanced component development and prototypes,63,0603639A,Tank and Medium Caliber Ammunition,Y,"108,340",,"108,340","87,972","50,000","137,972","277,248",,"277,248",U
2040A,"Research, Development, Test and Evaluation, Army",A,04,Advanced component development and prototypes,64,0603645A,Armored System Modernization - Adv Dev,Y,"22,387",,"22,387","22,645",,"22,645","23,594",,"23,594",U
2040A,"Research, Development, Test and Evaluation, Army",A,04,Advanced component development and prototypes,65,0603747A,Soldier Support and Survivability,Y,"3,911",,"3,911","4,033",,"4,033","4,109",,"4,109",U
2040A,"Research, Development, Test and Evaluation, Army",A,04,Advanced component development and prototypes,66,0603766A,Tactical Electronic Surveillance System - Adv Dev,Y,"87,765",,"87,765","117,325",,"117,325","98,331",,"98,331",U
2040A,"Research, Development, Test and Evaluation, Army",A,04,Advanced component development and prototypes,67,0603774A,Night Vision Systems Advanced Development,Y,"20,250",,"20,250","19,353",,"19,353","5,310",,"5,310",U
2040A,"Research, Development, Test and Evaluation, Army",A,04,Advanced component development and prototypes,68,0603779A,Environmental Quality Technology - Dem/Val,Y,"22,637",,"22,637","36,343",,"36,343","19,499",,"19,499",U
2040A,"Research, Development, Test and Evaluation, Army",A,04,Advanced component development and prototypes,69,0603790A,NATO Research and Development,Y,"4,031",,"4,031","5,031",,"5,031","5,145",,"5,145",U
2040A,"Research, Development, Test and Evaluation, Army",A,04,Advanced component development and prototypes,70,0603801A,Aviation - Adv Dev,Y,"197,292",,"197,292",,,,,,,U
2040A,"Research, Development, Test and Evaluation, Army",A,04,Advanced component development and prototypes,71,0603804A,Logistics and Engineer Equipment - Adv Dev,Y,"20,946",,"20,946","40,435","10,000","50,435","12,822",,"12,822",U
2040A,"Research, Development, Test and Evaluation, Army",A,04,Advanced component development and prototypes,72,0603807A,Medical Systems - Adv Dev,Y,"2,071",,"2,071","1,000",,"1,000","1,017",,"1,017",U
2040A,"Research, Development, Test and Evaluation, Army",A,04,Advanced component development and prototypes,73,0603827A,Soldier Systems - Advanced Development,Y,"23,398",,"23,398","49,356",,"49,356","56,122",,"56,122",U
2040A,"Research, Development, Test and Evaluation, Army",A,04,Advanced component development and prototypes,74,0604017A,Robotics Development,Y,"12,563",,"12,563","36,561",,"36,561","20,290",,"20,290",U
2040A,"Research, Development, Test and Evaluation, Army",A,04,Advanced component development and prototypes,75,0604019A,Expanded Mission Area Missile (EMAM),Y,"82,658",,"82,658","58,189","5,000","63,189","235,593",,"235,593",U
2040A,"Research, Development, Test and Evaluation, Army",A,04,Advanced component development and prototypes,76,0604020A,Cross Functional Team (CFT) Advanced Development & Prototyping,Y,"38,934",,"38,934",,"12,000","12,000",,,,U
2040A,"Research, Development, Test and Evaluation, Army",A,04,Advanced component development and prototypes,77,0604035A,Low Earth Orbit (LEO) Satellite Capability,Y,"21,134",,"21,134","17,063",,"17,063",319,,319,U
2040A,"Research, Development, Test and Evaluation, Army",A,04,Advanced component development and prototypes,78,0604036A,Multi-Domain Sensing System (MDSS) Adv Dev,Y,"188,228",,"188,228","249,188",,"249,188","99,471",,"99,471",U
2040A,"Research, Development, Test and Evaluation, Army",A,04,Advanced component development and prototypes,79,0604037A,Tactical Intel Targeting Access Node (TITAN) Adv Dev,Y,"4,317",,"4,317","3,092",,"3,092","4,123",,"4,123",U
2040A,"Research, Development, Test and Evaluation, Army",A,04,Advanced component development and prototypes,80,0604100A,Analysis Of Alternatives,Y,"10,824",,"10,824","9,865",,"9,865","10,077",,"10,077",U
2040A,"Research, Development, Test and Evaluation, Army",A,04,Advanced component development and prototypes,81,0604101A,Small Unmanned Aerial Vehicle (SUAV) (6.4),Y,"1,734",,"1,734",,,,,,,U
2040A,"Research, Development, Test and Evaluation, Army",A,04,Advanced component development and prototypes,82,0604103A,Electronic Warfare Planning and Management Tool (EWPMT),Y,"2,004",,"2,004",,,,,,,U
2040A,"Research, Development, Test and Evaluation, Army",A,04,Advanced component development and prototypes,83,0604113A,Future Tactical Unmanned Aircraft System (FTUAS),Y,"127,870",,"127,870",,,,,,,U
2040A,"Research, Development, Test and Evaluation, Army",A,04,Advanced component development and prototypes,84,0604114A,Lower Tier Air Missile Defense (LTAMD) Sensor,Y,"122,777",,"122,777","192,045",,"192,045","162,074",,"162,074",U
2040A,"Research, Development, Test and Evaluation, Army",A,04,Advanced component development and prototypes,85,0604115A,Technology Maturation Initiatives,Y,"256,806",,"256,806","324,432","29,300","353,732","314,671",,"314,671",U
2040A,"Research, Development, Test and Evaluation, Army",A,04,Advanced component development and prototypes,86,0604117A,Maneuver - Short Range Air Defense (M-SHORAD),Y,"264,521",,"264,521","236,149","60,150","296,299","460,980",,"460,980",U
2040A,"Research, Development, Test and Evaluation, Army",A,04,Advanced component development and prototypes,87,0604120A,"Assured Positioning, Navigation and Timing (PNT)",Y,"20,969",,"20,969","8,686",,"8,686","18,993",,"18,993",U
2040A,"Research, Development, Test and Evaluation, Army",A,04,Advanced component development and prototypes,88,0604121A,Synthetic Training Environment Refinement & Prototyping,Y,"110,937",,"110,937","176,657",,"176,657","219,137",,"219,137",U
2040A,"Research, Development, Test and Evaluation, Army",A,04,Advanced component development and prototypes,89,0604129A,Advanced Power Applications,Y,,,,,"5,000","5,000","48,000",,"48,000",U
2040A,"Research, Development, Test and Evaluation, Army",A,04,Advanced component development and prototypes,90,0604134A,"Counter Improvised-Threat Demonstration, Prototype Development, and Testing",Y,"10,613",,"10,613","5,491",,"5,491",,,,U
2040A,"Research, Development, Test and Evaluation, Army",A,04,Advanced component development and prototypes,91,0604135A,Strategic Mid-Range Fires,Y,,,,"226,215",,"226,215","211,848",,"211,848",U
2040A,"Research, Development, Test and Evaluation, Army",A,04,Advanced component development and prototypes,92,0604182A,Hypersonics,Y,,,,"25,000",,"25,000","82,939","40,000","122,939",U
2040A,"Research, Development, Test and Evaluation, Army",A,04,Advanced component development and prototypes,93,0604386A,Biotechnology for Materials - Dem/Val,Y,"10,262",,"10,262",,,,,,,U
2040A,"Research, Development, Test and Evaluation, Army",A,04,Advanced component development and prototypes,94,0604403A,Future Interceptor,Y,"7,764",,"7,764",,,,,,,U
2040A,"Research, Development, Test and Evaluation, Army",A,04,Advanced component development and prototypes,96,0604531A,Counter - Small Unmanned Aircraft Systems Advanced Development,Y,"77,794",,"77,794","45,281",,"45,281",,,,U
2040A,"Research, Development, Test and Evaluation, Army",A,04,Advanced component development and prototypes,98,0604541A,Unified Network Transport,Y,"30,675",,"30,675","29,191",,"29,191",,,,U
2040A,"Research, Development, Test and Evaluation, Army",A,04,Advanced component development and prototypes,99,0305251A,Cyberspace Operations Forces and Force Support,Y,"2,270",,"2,270","5,605",,"5,605","22,889",,"22,889",U
2040A,"Research, Development, Test and Evaluation, Army",,04,Advanced component development and prototypes,999,9999999999,Classified Programs,Y,"281,270",,"281,270","203,746","25,000","228,746","261,466",,"261,466",U
2040A,"Research, Development, Test and Evaluation, Army",A,05,System development and demonstration,100,0604201A,Aircraft Avionics,Y,"6,909",,"6,909","17,696",,"17,696","30,658",,"30,658",U
2040A,"Research, Development, Test and Evaluation, Army",A,05,System development and demonstration,101,0604270A,Electronic Warfare Development,Y,"28,706",,"28,706","9,153",,"9,153","2,807",,"2,807",U
2040A,"Research, Development, Test and Evaluation, Army",A,05,System development and demonstration,102,0604601A,Infantry Support Weapons,Y,"55,767",,"55,767","77,653",,"77,653","55,296",,"55,296",U
2040A,"Research, Development, Test and Evaluation, Army",A,05,System development and demonstration,103,0604604A,Medium Tactical Vehicles,Y,"3,435",,"3,435","18,503",,"18,503","23,763",,"23,763",U
2040A,"Research, Development, Test and Evaluation, Army",A,05,System development and demonstration,104,0604611A,JAVELIN,Y,"10,025",,"10,025","9,810",,"9,810","10,217",,"10,217",U
2040A,"Research, Development, Test and Evaluation, Army",A,05,System development and demonstration,105,0604622A,Family of Heavy Tactical Vehicles,Y,"33,424",,"33,424","38,664",,"38,664","43,003",,"43,003",U
2040A,"Research, Development, Test and Evaluation, Army",A,05,System development and demonstration,106,0604633A,Air Traffic Control,Y,946,,946,,,,,,,U
2040A,"Research, Development, Test and Evaluation, Army",A,05,System development and demonstration,107,0604641A,Tactical Unmanned Ground Vehicle (TUGV),Y,"89,162",,"89,162",,,,,,,U
2040A,"Research, Development, Test and Evaluation, Army",A,05,System development and demonstration,108,0604642A,Light Tactical Wheeled Vehicles,Y,"5,058",,"5,058",,,,"6,142",,"6,142",U
2040A,"Research, Development, Test and Evaluation, Army",A,05,System development and demonstration,109,0604645A,Armored Systems Modernization (ASM) - Eng Dev,Y,"46,341",,"46,341",,,,,,,U
2040A,"Research, Development, Test and Evaluation, Army",A,05,System development and demonstration,110,0604710A,Night Vision Systems - Eng Dev,Y,"134,589",,"134,589","461,274",,"461,274","418,427",,"418,427",U
2040A,"Research, Development, Test and Evaluation, Army",A,05,System development and demonstration,111,0604713A,"Combat Feeding, Clothing, and Equipment",Y,"3,195",,"3,195","5,654",,"5,654","6,701",,"6,701",U
2040A,"Research, Development, Test and Evaluation, Army",A,05,System development and demonstration,112,0604715A,Non-System Training Devices - Eng Dev,Y,"23,337",,"23,337","19,063",,"19,063","29,685",,"29,685",U
2040A,"Research, Development, Test and Evaluation, Army",A,05,System development and demonstration,113,0604741A,"Air Defense Command, Control and Intelligence - Eng Dev",Y,"71,111",,"71,111","13,892","43,300","57,192","14,276",,"14,276",U
2040A,"Research, Development, Test and Evaluation, Army",A,05,System development and demonstration,114,0604742A,Constructive Simulation Systems Development,Y,"28,616",,"28,616","7,790",,"7,790","5,618",,"5,618",U
2040A,"Research, Development, Test and Evaluation, Army",A,05,System development and demonstration,115,0604746A,Automatic Test Equipment Development,Y,"12,455",,"12,455","9,512",,"9,512","9,625",,"9,625",U
2040A,"Research, Development, Test and Evaluation, Army",A,05,System development and demonstration,116,0604760A,Distributive Interactive Simulations (DIS) - Eng Dev,Y,"8,589",,"8,589","7,724",,"7,724","7,883",,"7,883",U
2040A,"Research, Development, Test and Evaluation, Army",A,05,System development and demonstration,117,0604798A,"Brigade Analysis, Integration and Evaluation",Y,"26,584",,"26,584","24,318",,"24,318","26,602",,"26,602",U
2040A,"Research, Development, Test and Evaluation, Army",A,05,System development and demonstration,118,0604802A,Weapons and Munitions - Eng Dev,Y,"232,181",,"232,181","156,844",,"156,844","124,881",,"124,881",U
2040A,"Research, Development, Test and Evaluation, Army",A,05,System development and demonstration,119,0604804A,Logistics and Engineer Equipment - Eng Dev,Y,"45,302",,"45,302","61,194",,"61,194","65,238",,"65,238",U
2040A,"Research, Development, Test and Evaluation, Army",A,05,System development and demonstration,120,0604805A,"Command, Control, Communications Systems - Eng Dev",Y,"88,931",,"88,931","63,725",,"63,725","5,541",,"5,541",U
2040A,"Research, Development, Test and Evaluation, Army",A,05,System development and demonstration,121,0604807A,Medical Materiel/Medical Biological Defense Equipment - Eng Dev,Y,"6,955",,"6,955","16,252",,"16,252","9,744",,"9,744",U
2040A,"Research, Development, Test and Evaluation, Army",A,05,System development and demonstration,122,0604808A,Landmine Warfare/Barrier - Eng Dev,Y,"49,348",,"49,348","72,532",,"72,532","17,586",,"17,586",U
2040A,"Research, Development, Test and Evaluation, Army",A,05,System development and demonstration,123,0604818A,Army Tactical Command & Control Hardware & Software,Y,"129,265",,"129,265","429,164","3,450","432,614","42,584",,"42,584",U
2040A,"Research, Development, Test and Evaluation, Army",A,05,System development and demonstration,124,0604820A,Radar Development,Y,"40,066",,"40,066","53,226","14,000","67,226","58,260",,"58,260",U
2040A,"Research, Development, Test and Evaluation, Army",A,05,System development and demonstration,125,0604822A,General Fund Enterprise Business System (GFEBS),Y,"1,922",,"1,922",,,,,,,U
2040A,"Research, Development, Test and Evaluation, Army",A,05,System development and demonstration,126,0604827A,Soldier Systems - Warrior Dem/Val,Y,"28,069",,"28,069","4,137","22,587","26,724","5,663",,"5,663",U
2040A,"Research, Development, Test and Evaluation, Army",A,05,System development and demonstration,127,0604852A,Suite of Survivability Enhancement Systems - EMD,Y,"75,022",,"75,022","75,180",,"75,180","78,331",,"78,331",U
2040A,"Research, Development, Test and Evaluation, Army",A,05,System development and demonstration,128,0604854A,Artillery Systems - EMD,Y,"40,929",,"40,929","76,767",,"76,767","709,192",,"709,192",U
2040A,"Research, Development, Test and Evaluation, Army",A,05,System development and demonstration,129,0605013A,Information Technology Development,Y,"92,084",,"92,084","124,247",,"124,247","121,525",,"121,525",U
2040A,"Research, Development, Test and Evaluation, Army",A,05,System development and demonstration,130,0605018A,Integrated Personnel and Pay System-Army (IPPS-A),Y,"116,925",,"116,925","160,912",,"160,912","102,694",,"102,694",U
2040A,"Research, Development, Test and Evaluation, Army",A,05,System development and demonstration,131,0605030A,Joint Tactical Network Center (JTNC),Y,"19,454",,"19,454","20,954",,"20,954","21,561",,"21,561",U
2040A,"Research, Development, Test and Evaluation, Army",A,05,System development and demonstration,132,0605031A,Joint Tactical Network (JTN),Y,"30,075",,"30,075","41,696",,"41,696","50,390",,"50,390",U
2040A,"Research, Development, Test and Evaluation, Army",A,05,System development and demonstration,133,0605035A,Common Infrared Countermeasures (CIRCM),Y,"11,261",,"11,261","12,789",,"12,789","11,573",,"11,573",U
2040A,"Research, Development, Test and Evaluation, Army",A,05,System development and demonstration,134,0605036A,Combating Weapons of Mass Destruction (CWMD),Y,"7,560",,"7,560","13,322",,"13,322","5,605",,"5,605",U
2040A,"Research, Development, Test and Evaluation, Army",A,05,System development and demonstration,135,0605037A,Evidence Collection and Detainee Processing,Y,,,,"4,619",,"4,619","5,513",,"5,513",U
2040A,"Research, Development, Test and Evaluation, Army",A,05,System development and demonstration,136,0605038A,Nuclear Biological Chemical Reconnaissance Vehicle (NBCRV) Sensor Suite,Y,"7,598",,"7,598","13,459",,"13,459","13,864",,"13,864",U
2040A,"Research, Development, Test and Evaluation, Army",A,05,System development and demonstration,137,0605041A,Defensive CYBER Tool Development,Y,"4,176",,"4,176","3,611",,"3,611","3,519",,"3,519",U
2040A,"Research, Development, Test and Evaluation, Army",A,05,System development and demonstration,138,0605042A,Tactical Network Radio Systems (Low-Tier),Y,"4,131",,"4,131","3,222",,"3,222","3,804",,"3,804",U
2040A,"Research, Development, Test and Evaluation, Army",A,05,System development and demonstration,139,0605047A,Contract Writing System,Y,"8,937",,"8,937","8,101",,"8,101","4,777",,"4,777",U
2040A,"Research, Development, Test and Evaluation, Army",A,05,System development and demonstration,140,0605049A,Missile Warning System Modernization (MWSM),Y,45,,45,"13,530",,"13,530",,,,U
2040A,"Research, Development, Test and Evaluation, Army",A,05,System development and demonstration,141,0605051A,Aircraft Survivability Development,Y,"36,269",,"36,269","47,182","13,530","60,712","106,621",,"106,621",U
2040A,"Research, Development, Test and Evaluation, Army",A,05,System development and demonstration,142,0605052A,Indirect Fire Protection Capability Inc 2 - Block 1,Y,"135,769",,"135,769","243,087",,"243,087","175,352",,"175,352",U
2040A,"Research, Development, Test and Evaluation, Army",A,05,System development and demonstration,143,0605053A,Ground Robotics,Y,"27,342",,"27,342","160,818","74,000","234,818","192,185",,"192,185",U
2040A,"Research, Development, Test and Evaluation, Army",A,05,System development and demonstration,144,0605054A,Emerging Technology Initiatives,Y,"122,503",,"122,503","80,046","139,000","219,046","147,881",,"147,881",U
2040A,"Research, Development, Test and Evaluation, Army",A,05,System development and demonstration,145,0605058A,Terminal High Altitude Area Defense (THAAD) RDTE,Y,,,,,,,"1,053,983",,"1,053,983",U
2040A,"Research, Development, Test and Evaluation, Army",A,05,System development and demonstration,146,0605144A,Next Generation Load Device - Medium,Y,"2,931",,"2,931","24,492",,"24,492","2,380",,"2,380",U
2040A,"Research, Development, Test and Evaluation, Army",A,05,System development and demonstration,147,0605148A,Tactical Intel Targeting Access Node (TITAN) EMD,Y,"149,112",,"149,112","44,273",,"44,273","35,769",,"35,769",U
2040A,"Research, Development, Test and Evaluation, Army",A,05,System development and demonstration,148,0605205A,Small Unmanned Aerial Vehicle (SUAV) (6.5),Y,"23,581",,"23,581",,,,,,,U
2040A,"Research, Development, Test and Evaluation, Army",A,05,System development and demonstration,149,0605206A,CI and HUMINT Equipment Program-Army (CIHEP-A),Y,"1,296",,"1,296",,,,,,,U
2040A,"Research, Development, Test and Evaluation, Army",A,05,System development and demonstration,150,0605216A,Joint Targeting Integrated Command and Coordination Suite (JTIC2S),Y,"20,633",,"20,633",,,,,,,U
2040A,"Research, Development, Test and Evaluation, Army",A,05,System development and demonstration,151,0605224A,Multi-Domain Intelligence,Y,"18,913",,"18,913","44,844",,"44,844","49,594",,"49,594",U
2040A,"Research, Development, Test and Evaluation, Army",A,05,System development and demonstration,152,0605231A,Precision Strike Missile (PrSM),Y,"177,328",,"177,328",,"197,184","197,184","288,304",,"288,304",U
2040A,"Research, Development, Test and Evaluation, Army",A,05,System development and demonstration,153,0605232A,Hypersonics EMD,Y,"452,628",,"452,628","501,530","19,401","520,931","446,616",,"446,616",U
2040A,"Research, Development, Test and Evaluation, Army",A,05,System development and demonstration,154,0605233A,Accessions Information Environment (AIE),Y,"37,305",,"37,305","32,710",,"32,710","33,770",,"33,770",U
2040A,"Research, Development, Test and Evaluation, Army",A,05,System development and demonstration,155,0605235A,Strategic Mid-Range Capability,Y,"176,150",,"176,150","182,128",,"182,128","82,550",,"82,550",U
2040A,"Research, Development, Test and Evaluation, Army",A,05,System development and demonstration,156,0605236A,Integrated Tactical Communications,Y,"11,778",,"11,778","22,732",,"22,732",,,,U
2040A,"Research, Development, Test and Evaluation, Army",A,05,System development and demonstration,157,0605241A,Future Long Range Assault Aircraft Development,Y,"1,015,350",,"1,015,350","1,220,568","310,000","1,530,568","2,140,569",,"2,140,569",U
2040A,"Research, Development, Test and Evaluation, Army",A,05,System development and demonstration,158,0605242A,Theater SIGINT System (TSIGS),Y,"3,660",,"3,660",,,,,,,U
2040A,"Research, Development, Test and Evaluation, Army",A,05,System development and demonstration,159,0605244A,Joint Reduced Range Rocket (JR3),Y,"13,070",,"13,070","28,893",,"28,893","16,014",,"16,014",U
2040A,"Research, Development, Test and Evaluation, Army",A,05,System development and demonstration,160,0605247A,Spectrum Situational Awareness System (S2AS),Y,"4,495",,"4,495",,,,,,,U
2040A,"Research, Development, Test and Evaluation, Army",A,05,System development and demonstration,161,0605275A,Electronic Warfare Systems Development,Y,,,,"59,202",,"59,202","99,691",,"99,691",U
2040A,"Research, Development, Test and Evaluation, Army",A,05,System development and demonstration,162,0605330A,C2 Transport,Y,,,,,,,"45,370",,"45,370",U
2040A,"Research, Development, Test and Evaluation, Army",A,05,System development and demonstration,163,0605331A,C2 Applications,Y,,,,,,,"488,401",,"488,401",U
2040A,"Research, Development, Test and Evaluation, Army",A,05,System development and demonstration,164,0605332A,C2 Data,Y,,,,,,,"306,019",,"306,019",U
2040A,"Research, Development, Test and Evaluation, Army",A,05,System development and demonstration,165,0605333A,C2 Infrastructure,Y,,,,,,,"64,849",,"64,849",U
2040A,"Research, Development, Test and Evaluation, Army",A,05,System development and demonstration,166,0605345A,Unmanned Aerial Systems Launched Effects Systems Development,Y,,,,"357,529","15,000","372,529","816,433",,"816,433",U
2040A,"Research, Development, Test and Evaluation, Army",A,05,System development and demonstration,167,0605347A,Counter Unmanned Aerial Systems (UAS) Development,Y,,,,"140,400",,"140,400","359,182",,"359,182",U
2040A,"Research, Development, Test and Evaluation, Army",A,05,System development and demonstration,168,0605450A,Joint Air-to-Ground Missile (JAGM),Y,"2,919",,"2,919",,,,,,,U
2040A,"Research, Development, Test and Evaluation, Army",A,05,System development and demonstration,169,0605457A,Army Integrated Air and Missile Defense (AIAMD),Y,"566,078",,"566,078","143,446",,"143,446","126,623",,"126,623",U
2040A,"Research, Development, Test and Evaluation, Army",A,05,System development and demonstration,170,0605531A,Counter - Small Unmanned Aircraft Systems Sys Dev & Demonstration,Y,"57,389",,"57,389","54,078",,"54,078",695,,695,U
2040A,"Research, Development, Test and Evaluation, Army",A,05,System development and demonstration,172,0605625A,Manned Ground Vehicle,Y,"481,247",,"481,247","372,096",,"372,096","290,069",,"290,069",U
2040A,"Research, Development, Test and Evaluation, Army",A,05,System development and demonstration,173,0605766A,National Capabilities Integration (MIP),Y,"16,565",,"16,565","16,913",,"16,913","17,211",,"17,211",U
2040A,"Research, Development, Test and Evaluation, Army",A,05,System development and demonstration,174,0605812A,Joint Light Tactical Vehicle (JLTV) Engineering and Manufacturing Development Phase (EMD),Y,,,,,,,"2,749",,"2,749",U
2040A,"Research, Development, Test and Evaluation, Army",A,05,System development and demonstration,175,0605830A,Aviation Ground Support Equipment,Y,943,,943,930,,930,951,,951,U
2040A,"Research, Development, Test and Evaluation, Army",A,05,System development and demonstration,176,0303032A,TROJAN - RH12,Y,"3,930",,"3,930","3,920",,"3,920","3,946",,"3,946",U
2040A,"Research, Development, Test and Evaluation, Army",A,05,System development and demonstration,177,0303767A,AMBIT - Pre-Auctioned SRF,Y,"2,502",,"2,502",,,,,,,U
2040A,"Research, Development, Test and Evaluation, Army",A,05,System development and demonstration,178,0304270A,Electronic Warfare Development,Y,"84,560",,"84,560","127,081",,"127,081","125,301",,"125,301",U
2040A,"Research, Development, Test and Evaluation, Army",,05,System development and demonstration,999,9999999999,Classified Programs,Y,"83,136",,"83,136","117,428",,"117,428","89,121",,"89,121",U
2040A,"Research, Development, Test and Evaluation, Army",A,06,Management support,179,0604256A,Threat Simulator Development,Y,"72,696",,"72,696","74,767",,"74,767","60,233",,"60,233",U
2040A,"Research, Development, Test and Evaluation, Army",A,06,Management support,180,0604258A,Target Systems Development,Y,"27,212",,"27,212","26,004",,"26,004","16,488",,"16,488",U
2040A,"Research, Development, Test and Evaluation, Army",A,06,Management support,181,0604759A,Major T&E Investment,Y,"100,235",,"100,235","129,527","184,200","313,727","106,140",,"106,140",U
2040A,"Research, Development, Test and Evaluation, Army",A,06,Management support,182,0605103A,Rand Arroyo Center,Y,"31,144",,"31,144","10,892",,"10,892","10,737",,"10,737",U
2040A,"Research, Development, Test and Evaluation, Army",A,06,Management support,183,0605301A,Army Kwajalein Atoll,Y,"351,760",,"351,760","375,226","223,800","599,026","7,051",,"7,051",U
2040A,"Research, Development, Test and Evaluation, Army",A,06,Management support,184,0605326A,Concepts Experimentation Program,Y,"77,909",,"77,909","63,606",,"63,606","55,596",,"55,596",U
2040A,"Research, Development, Test and Evaluation, Army",A,06,Management support,185,0605502A,Small Business Innovative Research,Y,"356,228",,"356,228",,,,,,,U
2040A,"Research, Development, Test and Evaluation, Army",A,06,Management support,186,0605601A,Army Test Ranges and Facilities,Y,"490,192",,"490,192","436,708",,"436,708","469,723",,"469,723",U
2040A,"Research, Development, Test and Evaluation, Army",A,06,Management support,187,0605602A,Army Technical Test Instrumentation and Targets,Y,"71,303",,"71,303","67,775",,"67,775","62,303",,"62,303",U
2040A,"Research, Development, Test and Evaluation, Army",A,06,Management support,188,0605604A,Survivability/Lethality Analysis,Y,"36,815",,"36,815","31,306",,"31,306","31,283",,"31,283",U
2040A,"Research, Development, Test and Evaluation, Army",A,06,Management support,189,0605606A,Aircraft Certification,Y,"2,201",,"2,201","4,887",,"4,887","1,983",,"1,983",U
2040A,"Research, Development, Test and Evaluation, Army",A,06,Management support,190,0605706A,Materiel Systems Analysis,Y,"23,338",,"23,338","19,100",,"19,100","19,013",,"19,013",U
2040A,"Research, Development, Test and Evaluation, Army",A,06,Management support,191,0605709A,Exploitation of Foreign Items,Y,"6,245",,"6,245","6,277",,"6,277","10,481",,"10,481",U
2040A,"Research, Development, Test and Evaluation, Army",A,06,Management support,192,0605712A,Support of Operational Testing,Y,"75,146",,"75,146","63,637",,"63,637","60,733",,"60,733",U
2040A,"Research, Development, Test and Evaluation, Army",A,06,Management support,193,0605716A,Army Evaluation Center,Y,"73,220",,"73,220","62,343",,"62,343","65,565",,"65,565",U
2040A,"Research, Development, Test and Evaluation, Army",A,06,Management support,194,0605718A,Army Modeling & Sim X-Cmd Collaboration & Integ,Y,"10,846",,"10,846","11,825",,"11,825","15,608",,"15,608",U
2040A,"Research, Development, Test and Evaluation, Army",A,06,Management support,195,0605801A,Programwide Activities,Y,"203,513",,"203,513","54,172",,"54,172","52,978",,"52,978",U
2040A,"Research, Development, Test and Evaluation, Army",A,06,Management support,196,0605803A,Technical Information Activities,Y,"31,508",,"31,508","26,592",,"26,592","27,004",,"27,004",U
2040A,"Research, Development, Test and Evaluation, Army",A,06,Management support,197,0605805A,"Munitions Standardization, Effectiveness and Safety",Y,"48,913",,"48,913","46,965",,"46,965","44,851",,"44,851",U
2040A,"Research, Development, Test and Evaluation, Army",A,06,Management support,198,0605857A,Environmental Quality Technology Mgmt Support,Y,"1,598",,"1,598","2,857",,"2,857","3,256",,"3,256",U
2040A,"Research, Development, Test and Evaluation, Army",A,06,Management support,199,0605898A,Army Direct Report Headquarters - R&D - MHA,Y,"59,381",,"59,381","53,436",,"53,436","54,276",,"54,276",U
2040A,"Research, Development, Test and Evaluation, Army",A,06,Management support,200,0606002A,Ronald Reagan Ballistic Missile Defense Test Site,Y,"70,964",,"70,964","72,302",,"72,302","118,585",,"118,585",U
2040A,"Research, Development, Test and Evaluation, Army",A,06,Management support,201,0606003A,CounterIntel and Human Intel Modernization,Y,"9,574",,"9,574","5,660",,"5,660","5,802",,"5,802",U
2040A,"Research, Development, Test and Evaluation, Army",A,06,Management support,202,0606118A,AIAMD Software Development & Integration,Y,,,,"368,812","63,000","431,812","653,653",,"653,653",U
2040A,"Research, Development, Test and Evaluation, Army",A,06,Management support,203,0606942A,Assessments and Evaluations Cyber Vulnerabilities,Y,"10,105",,"10,105","6,354",,"6,354","6,468",,"6,468",U
2040A,"Research, Development, Test and Evaluation, Army",A,06,Management support,204,0909999A,Financing for Cancelled Account Adjustments,Y,773,,773,,,,,,,U
2040A,"Research, Development, Test and Evaluation, Army",A,07,Operational system development,205,0603778A,MLRS Product Improvement Program,Y,"13,670",,"13,670","14,639",,"14,639","17,780",,"17,780",U
2040A,"Research, Development, Test and Evaluation, Army",A,07,Operational system development,206,0605024A,Anti-Tamper Technology Support,Y,"7,300",,"7,300","8,449",,"8,449","6,613",,"6,613",U
2040A,"Research, Development, Test and Evaluation, Army",A,07,Operational system development,207,0607101A,Combating Weapons of Mass Destruction (CWMD) Product Improvement,Y,261,,261,115,,115,488,,488,U
2040A,"Research, Development, Test and Evaluation, Army",A,07,Operational system development,208,0607131A,Weapons and Munitions Product Improvement Programs,Y,"31,285",,"31,285","80,762","2,400","83,162","21,553",,"21,553",U
2040A,"Research, Development, Test and Evaluation, Army",A,07,Operational system development,209,0607136A,Blackhawk Product Improvement Program,Y,"124,047",,"124,047","123,998",,"123,998","35,147",,"35,147",U
2040A,"Research, Development, Test and Evaluation, Army",A,07,Operational system development,210,0607137A,Chinook Product Improvement Program,Y,"4,640",,"4,640","25,859",,"25,859","7,277",,"7,277",U
2040A,"Research, Development, Test and Evaluation, Army",A,07,Operational system development,211,0607139A,Improved Turbine Engine Program,Y,"127,582",,"127,582","175,000","63,000","238,000",,,,U
2040A,"Research, Development, Test and Evaluation, Army",A,07,Operational system development,212,0607143A,Unmanned Aircraft System Universal Products,Y,"23,643",,"23,643",,,,,,,U
2040A,"Research, Development, Test and Evaluation, Army",A,07,Operational system development,213,0607145A,Apache Future Development,Y,"7,942",,"7,942","44,371",,"44,371","30,759",,"30,759",U
2040A,"Research, Development, Test and Evaluation, Army",A,07,Operational system development,214,0607148A,AN/TPQ-53 Counterfire Target Acquisition Radar System,Y,"51,694",,"51,694","43,054",,"43,054","90,981",,"90,981",U
2040A,"Research, Development, Test and Evaluation, Army",A,07,Operational system development,215,0607150A,Intel Cyber Development,Y,"9,753",,"9,753","13,129",,"13,129","13,694",,"13,694",U
2040A,"Research, Development, Test and Evaluation, Army",A,07,Operational system development,216,0607212A,TENCAP Enhancements,Y,,,,,,,"20,982",,"20,982",U
2040A,"Research, Development, Test and Evaluation, Army",A,07,Operational system development,217,0607313A,Electronic Warfare Development,Y,"5,559",,"5,559",,,,,,,U
2040A,"Research, Development, Test and Evaluation, Army",A,07,Operational system development,219,0607665A,Family of Biometrics,Y,568,,568,"1,594",,"1,594","1,640",,"1,640",U
2040A,"Research, Development, Test and Evaluation, Army",A,07,Operational system development,220,0607865A,Patriot Product Improvement,Y,"162,309",,"162,309","179,981",,"179,981","219,046",,"219,046",U
2040A,"Research, Development, Test and Evaluation, Army",A,07,Operational system development,221,0203728A,Joint Automated Deep Operation Coordination System (JADOCS),Y,"26,575",,"26,575","8,424",,"8,424","11,255",,"11,255",U
2040A,"Research, Development, Test and Evaluation, Army",A,07,Operational system development,222,0203735A,Combat Vehicle Improvement Programs,Y,"317,214",,"317,214","739,211",,"739,211","492,364",,"492,364",U
2040A,"Research, Development, Test and Evaluation, Army",A,07,Operational system development,223,0203743A,155mm Self-Propelled Howitzer Improvements,Y,"39,905",,"39,905","105,410",,"105,410",,,,U
2040A,"Research, Development, Test and Evaluation, Army",A,07,Operational system development,224,0203752A,Aircraft Engine Component Improvement Program,Y,142,,142,237,,237,239,,239,U
2040A,"Research, Development, Test and Evaluation, Army",A,07,Operational system development,225,0203758A,Digitization,Y,"1,505",,"1,505","1,013",,"1,013","1,615",,"1,615",U
2040A,"Research, Development, Test and Evaluation, Army",A,07,Operational system development,226,0203801A,Missile/Air Defense Product Improvement Program,Y,"1,456",,"1,456","1,338",,"1,338","2,054",,"2,054",U
2040A,"Research, Development, Test and Evaluation, Army",A,07,Operational system development,227,0203802A,Other Missile Product Improvement Programs,Y,"25,843",,"25,843",,,,,,,U
2040A,"Research, Development, Test and Evaluation, Army",A,07,Operational system development,228,0205412A,Environmental Quality Technology - Operational System Dev,Y,259,,259,,,,,,,U
2040A,"Research, Development, Test and Evaluation, Army",A,07,Operational system development,229,0205778A,Guided Multiple-Launch Rocket System (GMLRS),Y,"19,838",,"19,838","33,307",,"33,307","73,639",,"73,639",U
2040A,"Research, Development, Test and Evaluation, Army",A,07,Operational system development,232,0303140A,Information Systems Security Program,Y,"15,733","12,294","28,027","15,040",,"15,040","15,932",,"15,932",U
2040A,"Research, Development, Test and Evaluation, Army",A,07,Operational system development,233,0303141A,Global Combat Support System,Y,"2,472",,"2,472",,,,,,,U
2040A,"Research, Development, Test and Evaluation, Army",A,07,Operational system development,234,0303142A,SATCOM Ground Environment (SPACE),Y,"25,671",,"25,671","35,720",,"35,720","4,870",,"4,870",U
2040A,"Research, Development, Test and Evaluation, Army",A,07,Operational system development,237,0305179A,Integrated Broadcast Service (IBS),Y,"5,701",,"5,701","6,653",,"6,653","6,870",,"6,870",U
2040A,"Research, Development, Test and Evaluation, Army",A,07,Operational system development,238,0305219A,MQ-1 Gray Eagle UAV,Y,"6,681",,"6,681","3,444",,"3,444","2,590",,"2,590",U
2040A,"Research, Development, Test and Evaluation, Army",A,07,Operational system development,239,0708045A,End Item Industrial Preparedness Activities,Y,"84,752",,"84,752","90,842",,"90,842","68,097",,"68,097",U
2040A,"Research, Development, Test and Evaluation, Army",,07,Operational system development,999,9999999999,Classified Programs,Y,"32,518",,"32,518","46,872",,"46,872","47,342",,"47,342",U
2040A,"Research, Development, Test and Evaluation, Army",A,08,Software and digital technology pilot programs,240,0608041A,Defensive CYBER - Software Prototype Development,Y,"74,548",,"74,548","89,238",,"89,238","94,095",,"94,095",U
0390D,"Chemical Agents and Munitions Destruction, Defense",A,02,"Research, Development, Test, and Evaluation",1,0708083D,Assembled Chemical Weapons Alternatives,N,"754,762",,"754,762","210,039",,"210,039","55,972",,"55,972",U
1319N,"Research, Development, Test and Evaluation, Navy",N,01,Basic research,1,0601103N,University Research Initiatives,Y,"113,248",,"113,248","68,947",,"68,947",,,,U
1319N,"Research, Development, Test and Evaluation, Navy",N,01,Basic research,2,0601153N,Defense Research Sciences,Y,"487,237",,"487,237","527,574","8,000","535,574","525,399",,"525,399",U
1319N,"Research, Development, Test and Evaluation, Navy",N,02,Applied research,3,0602114N,Power Projection Applied Research,Y,"24,837",,"24,837","39,323",,"39,323","38,838",,"38,838",U
1319N,"Research, Development, Test and Evaluation, Navy",N,02,Applied research,4,0602123N,Force Protection Applied Research,Y,"183,150",,"183,150","243,086",,"243,086","137,779",,"137,779",U
1319N,"Research, Development, Test and Evaluation, Navy",N,02,Applied research,5,0602131M,Marine Corps Landing Force Technology,Y,"56,730",,"56,730","62,108",,"62,108","57,567",,"57,567",U
1319N,"Research, Development, Test and Evaluation, Navy",N,02,Applied research,6,0602235N,Common Picture Applied Research,Y,"50,260",,"50,260","70,209",,"70,209","40,433",,"40,433",U
1319N,"Research, Development, Test and Evaluation, Navy",N,02,Applied research,7,0602236N,Warfighter Sustainment Applied Research,Y,"85,865",,"85,865","118,188",,"118,188","60,350",,"60,350",U
1319N,"Research, Development, Test and Evaluation, Navy",N,02,Applied research,8,0602271N,Electromagnetic Systems Applied Research,Y,"95,977",,"95,977","148,469",,"148,469","74,603",,"74,603",U
1319N,"Research, Development, Test and Evaluation, Navy",N,02,Applied research,9,0602435N,Ocean Warfighting Environment Applied Research,Y,"111,321",,"111,321","117,471",,"117,471","64,693",,"64,693",U
1319N,"Research, Development, Test and Evaluation, Navy",N,02,Applied research,10,0602651M,Joint Non-Lethal Weapons Applied Research,Y,"7,487",,"7,487","7,300",,"7,300","4,105",,"4,105",U
1319N,"Research, Development, Test and Evaluation, Navy",N,02,Applied research,11,0602747N,Undersea Warfare Applied Research,Y,"90,135",,"90,135","120,808",,"120,808","52,515",,"52,515",U
1319N,"Research, Development, Test and Evaluation, Navy",N,02,Applied research,12,0602750N,Future Naval Capabilities Applied Research,Y,"162,804",,"162,804","308,776",,"308,776","305,357",,"305,357",U
1319N,"Research, Development, Test and Evaluation, Navy",N,02,Applied research,13,0602782N,Mine and Expeditionary Warfare Applied Research,Y,"29,294",,"29,294","18,081","80,000","98,081","24,634",,"24,634",U
1319N,"Research, Development, Test and Evaluation, Navy",N,02,Applied research,14,0602792N,Innovative Naval Prototypes (INP) Applied Research,Y,"140,590",,"140,590",,,,,,,U
1319N,"Research, Development, Test and Evaluation, Navy",N,02,Applied research,15,0602861N,Science and Technology Management - ONR Field Acitivities,Y,"100,330",,"100,330","81,423",,"81,423","74,378",,"74,378",U
1319N,"Research, Development, Test and Evaluation, Navy",N,03,Advanced technology development,16,0603123N,Force Protection Advanced Technology,Y,"54,667",,"54,667","113,756","21,800","135,556","50,869",,"50,869",U
1319N,"Research, Development, Test and Evaluation, Navy",N,03,Advanced technology development,17,0603271N,Electromagnetic Systems Advanced Technology,Y,"8,282",,"8,282","14,436",,"14,436","8,635",,"8,635",U
1319N,"Research, Development, Test and Evaluation, Navy",N,03,Advanced technology development,18,0603273N,Science & Technology for Nuclear Re-entry Systems,Y,"115,050",,"115,050","121,618",,"121,618","114,767",,"114,767",U
1319N,"Research, Development, Test and Evaluation, Navy",N,03,Advanced technology development,19,0603640M,USMC Advanced Technology Demonstration (ATD),Y,"287,017",,"287,017","447,950","63,413","511,363","287,897",,"287,897",U
1319N,"Research, Development, Test and Evaluation, Navy",N,03,Advanced technology development,20,0603651M,Joint Non-Lethal Weapons Technology Development,Y,"15,702",,"15,702","6,561",,"6,561","8,727",,"8,727",U
1319N,"Research, Development, Test and Evaluation, Navy",N,03,Advanced technology development,21,0603673N,Future Naval Capabilities Advanced Technology Development,Y,"250,477",,"250,477","523,426",,"523,426","445,977",,"445,977",U
1319N,"Research, Development, Test and Evaluation, Navy",N,03,Advanced technology development,22,0603680N,Manufacturing Technology Program,Y,"61,192",,"61,192","78,065",,"78,065","79,132",,"79,132",U
1319N,"Research, Development, Test and Evaluation, Navy",N,03,Advanced technology development,23,0603729N,Warfighter Protection Advanced Technology,Y,"7,518",,"7,518","31,787",,"31,787",,,,U
1319N,"Research, Development, Test and Evaluation, Navy",N,03,Advanced technology development,24,0603758N,Navy Warfighting Experiments and Demonstrations,Y,"133,296",,"133,296","149,980",,"149,980","66,395",,"66,395",U
1319N,"Research, Development, Test and Evaluation, Navy",N,03,Advanced technology development,25,0603782N,Mine and Expeditionary Warfare Advanced Technology,Y,"1,988",,"1,988","2,075",,"2,075",,,,U
1319N,"Research, Development, Test and Evaluation, Navy",N,03,Advanced technology development,26,0603801N,Innovative Naval Prototypes (INP) Advanced Technology Development,Y,"138,667",,"138,667",,,,,,,U
1319N,"Research, Development, Test and Evaluation, Navy",N,04,Advanced component development and prototypes,27,0603128N,Unmanned Aerial System,Y,"75,841",,"75,841","28,388",,"28,388","35,706",,"35,706",U
1319N,"Research, Development, Test and Evaluation, Navy",N,04,Advanced component development and prototypes,28,0603178N,Large Unmanned Surface Vehicles (LUSV),Y,"45,514",,"45,514",,"57,860","57,860",,,,U
1319N,"Research, Development, Test and Evaluation, Navy",N,04,Advanced component development and prototypes,29,0603207N,Air/Ocean Tactical Applications,Y,"48,819",,"48,819","35,409",,"35,409","76,141",,"76,141",U
1319N,"Research, Development, Test and Evaluation, Navy",N,04,Advanced component development and prototypes,30,0603216N,Aviation Survivability,Y,"22,877",,"22,877","24,064",,"24,064","20,010",,"20,010",U
1319N,"Research, Development, Test and Evaluation, Navy",N,04,Advanced component development and prototypes,31,0603239N,Naval Construction Forces,Y,"7,563",,"7,563","13,102",,"13,102","7,726",,"7,726",U
1319N,"Research, Development, Test and Evaluation, Navy",N,04,Advanced component development and prototypes,32,0603254N,ASW Systems Development,Y,"18,058",,"18,058","33,384",,"33,384","20,070",,"20,070",U
1319N,"Research, Development, Test and Evaluation, Navy",N,04,Advanced component development and prototypes,33,0603261N,Tactical Airborne Reconnaissance,Y,"3,358",,"3,358","2,241",,"2,241","3,239",,"3,239",U
1319N,"Research, Development, Test and Evaluation, Navy",N,04,Advanced component development and prototypes,34,0603382N,Advanced Combat Systems Technology,Y,"6,817",,"6,817","19,307","39,000","58,307","32,263",,"32,263",U
1319N,"Research, Development, Test and Evaluation, Navy",N,04,Advanced component development and prototypes,35,0603502N,Surface and Shallow Water Mine Countermeasures,Y,"28,558",,"28,558","32,359",,"32,359","32,451",,"32,451",U
1319N,"Research, Development, Test and Evaluation, Navy",N,04,Advanced component development and prototypes,36,0603506N,Surface Ship Torpedo Defense,Y,"4,632",,"4,632","11,832",,"11,832","9,920",,"9,920",U
1319N,"Research, Development, Test and Evaluation, Navy",N,04,Advanced component development and prototypes,37,0603512N,Carrier Systems Development,Y,"5,583",,"5,583","8,361",,"8,361","8,806",,"8,806",U
1319N,"Research, Development, Test and Evaluation, Navy",N,04,Advanced component development and prototypes,38,0603525N,PILOT FISH,Y,"937,900",,"937,900","1,118,482",,"1,118,482","1,339,052",,"1,339,052",U
1319N,"Research, Development, Test and Evaluation, Navy",N,04,Advanced component development and prototypes,39,0603536N,RETRACT JUNIPER,Y,"197,772",,"197,772","184,606",,"184,606","275,300",,"275,300",U
1319N,"Research, Development, Test and Evaluation, Navy",N,04,Advanced component development and prototypes,40,0603542N,Radiological Control,Y,795,,795,730,,730,704,,704,U
1319N,"Research, Development, Test and Evaluation, Navy",N,04,Advanced component development and prototypes,41,0603553N,Surface ASW,Y,"1,147",,"1,147",,,,,,,U
1319N,"Research, Development, Test and Evaluation, Navy",N,04,Advanced component development and prototypes,42,0603561N,Undersea Warfare System Development,Y,"103,870",,"103,870","171,718",,"171,718","132,885",,"132,885",U
1319N,"Research, Development, Test and Evaluation, Navy",N,04,Advanced component development and prototypes,43,0603562N,Submarine Tactical Warfare Systems,Y,"14,695",,"14,695",,,,,,,U
1319N,"Research, Development, Test and Evaluation, Navy",N,04,Advanced component development and prototypes,44,0603563N,Ship Concept Advanced Design,Y,"95,525",,"95,525","4,823","162,200","167,023","353,893",,"353,893",U
1319N,"Research, Development, Test and Evaluation, Navy",N,04,Advanced component development and prototypes,45,0603564N,Ship Preliminary Design & Feasibility Studies,Y,"52,843",,"52,843","100,845","29,200","130,045","666,640",,"666,640",U
1319N,"Research, Development, Test and Evaluation, Navy",N,04,Advanced component development and prototypes,46,0603570N,Advanced Nuclear Power Systems,Y,"318,002",,"318,002","343,831",,"343,831","392,426",,"392,426",U
1319N,"Research, Development, Test and Evaluation, Navy",N,04,Advanced component development and prototypes,47,0603573N,Advanced Surface Machinery Systems,Y,"80,955",,"80,955","150,330",,"150,330","269,961",,"269,961",U
1319N,"Research, Development, Test and Evaluation, Navy",N,04,Advanced component development and prototypes,48,0603576N,CHALK EAGLE,Y,"120,707",,"120,707","142,822","25,000","167,822","149,351",,"149,351",U
1319N,"Research, Development, Test and Evaluation, Navy",N,04,Advanced component development and prototypes,49,0603581N,Littoral Combat Ship (LCS),Y,"8,955",,"8,955","10,203",,"10,203","12,576",,"12,576",U
1319N,"Research, Development, Test and Evaluation, Navy",N,04,Advanced component development and prototypes,50,0603582N,Combat System Integration,Y,"19,933",,"19,933","19,643",,"19,643","18,819",,"18,819",U
1319N,"Research, Development, Test and Evaluation, Navy",N,04,Advanced component development and prototypes,51,0603595N,Ohio Replacement,Y,"188,012",,"188,012","278,305",,"278,305","331,577",,"331,577",U
1319N,"Research, Development, Test and Evaluation, Navy",N,04,Advanced component development and prototypes,52,0603596N,LCS Mission Modules,Y,"28,533",,"28,533","39,258",,"39,258","46,239",,"46,239",U
1319N,"Research, Development, Test and Evaluation, Navy",N,04,Advanced component development and prototypes,53,0603597N,Automated Test and Re-Test (ATRT),Y,"25,030",,"25,030","29,169",,"29,169","18,070",,"18,070",U
1319N,"Research, Development, Test and Evaluation, Navy",N,04,Advanced component development and prototypes,54,0603598N,ATRT Enterprise Rapid Capability,Y,"51,454",,"51,454","116,459",,"116,459","87,585",,"87,585",U
1319N,"Research, Development, Test and Evaluation, Navy",N,04,Advanced component development and prototypes,55,0603599N,Frigate Development,Y,"103,211",,"103,211","81,218",,"81,218","212,041",,"212,041",U
1319N,"Research, Development, Test and Evaluation, Navy",N,04,Advanced component development and prototypes,56,0603609N,Conventional Munitions,Y,"8,801",,"8,801","10,877",,"10,877","10,216",,"10,216",U
1319N,"Research, Development, Test and Evaluation, Navy",N,04,Advanced component development and prototypes,57,0603635M,Marine Corps Ground Combat/Support System,Y,"89,449",,"89,449","222,951","4,750","227,701","521,995",,"521,995",U
1319N,"Research, Development, Test and Evaluation, Navy",N,04,Advanced component development and prototypes,58,0603654N,Joint Service Explosive Ordnance Development,Y,"46,263",,"46,263","43,657",,"43,657","43,568",,"43,568",U
1319N,"Research, Development, Test and Evaluation, Navy",N,04,Advanced component development and prototypes,59,0603713N,Ocean Engineering Technology Development,Y,"15,430",,"15,430","9,647",,"9,647","15,903",,"15,903",U
1319N,"Research, Development, Test and Evaluation, Navy",N,04,Advanced component development and prototypes,60,0603721N,Environmental Protection,Y,"22,796",,"22,796","22,829",,"22,829","19,347",,"19,347",U
1319N,"Research, Development, Test and Evaluation, Navy",N,04,Advanced component development and prototypes,61,0603724N,Navy Energy Program,Y,"80,698",,"80,698","58,162","98,372","156,534","59,591",,"59,591",U
1319N,"Research, Development, Test and Evaluation, Navy",N,04,Advanced component development and prototypes,62,0603725N,Facilities Improvement,Y,"8,718",,"8,718","10,925",,"10,925","13,738",,"13,738",U
1319N,"Research, Development, Test and Evaluation, Navy",N,04,Advanced component development and prototypes,63,0603734N,CHALK CORAL,Y,"829,575",,"829,575","776,792","500,000","1,276,792","995,658",,"995,658",U
1319N,"Research, Development, Test and Evaluation, Navy",N,04,Advanced component development and prototypes,64,0603739N,Navy Logistic Productivity,Y,"5,826",,"5,826",977,,977,929,,929,U
1319N,"Research, Development, Test and Evaluation, Navy",N,04,Advanced component development and prototypes,65,0603746N,RETRACT MAPLE,Y,"593,506",,"593,506","614,380",,"614,380","655,551",,"655,551",U
1319N,"Research, Development, Test and Evaluation, Navy",N,04,Advanced component development and prototypes,66,0603748N,LINK PLUMERIA,Y,"345,553",,"345,553","385,360","90,000","475,360","498,853",,"498,853",U
1319N,"Research, Development, Test and Evaluation, Navy",N,04,Advanced component development and prototypes,67,0603751N,RETRACT ELM,Y,"98,939",,"98,939","106,810",,"106,810","87,999",,"87,999",U
1319N,"Research, Development, Test and Evaluation, Navy",N,04,Advanced component development and prototypes,68,0603764M,LINK EVERGREEN,Y,"450,729",,"450,729","521,007",,"521,007","593,835",,"593,835",U
1319N,"Research, Development, Test and Evaluation, Navy",N,04,Advanced component development and prototypes,69,0603790N,NATO Research and Development,Y,"4,953",,"4,953","5,035",,"5,035","5,513",,"5,513",U
1319N,"Research, Development, Test and Evaluation, Navy",N,04,Advanced component development and prototypes,70,0603795N,Land Attack Technology,Y,"1,673",,"1,673","1,056",,"1,056",985,,985,U
1319N,"Research, Development, Test and Evaluation, Navy",N,04,Advanced component development and prototypes,71,0603851M,Joint Non-Lethal Weapons Testing,Y,"29,360",,"29,360","9,832",,"9,832","14,152",,"14,152",U
1319N,"Research, Development, Test and Evaluation, Navy",N,04,Advanced component development and prototypes,72,0603860N,Joint Precision Approach and Landing Systems - Dem/Val,Y,"3,994",,"3,994","33,978",,"33,978","73,813",,"73,813",U
1319N,"Research, Development, Test and Evaluation, Navy",N,04,Advanced component development and prototypes,73,0603889N,Counterdrug RDT&E Projects,Y,,,,,,,"6,500",,"6,500",U
1319N,"Research, Development, Test and Evaluation, Navy",N,04,Advanced component development and prototypes,74,0603925N,Directed Energy and Electric Weapon Systems,Y,"19,319",,"19,319","14,480",,"14,480","94,825",,"94,825",U
1319N,"Research, Development, Test and Evaluation, Navy",N,04,Advanced component development and prototypes,75,0604014N,F/A -18 Infrared Search and Track (IRST),Y,"8,556",,"8,556",,,,,,,U
1319N,"Research, Development, Test and Evaluation, Navy",N,04,Advanced component development and prototypes,76,0604027N,Digital Warfare Office,Y,"141,844",,"141,844","150,033",,"150,033","182,205",,"182,205",U
1319N,"Research, Development, Test and Evaluation, Navy",N,04,Advanced component development and prototypes,77,0604028N,Small and Medium Unmanned Undersea Vehicles,Y,"51,775",,"51,775",,"180,252","180,252","24,598",,"24,598",U
1319N,"Research, Development, Test and Evaluation, Navy",N,04,Advanced component development and prototypes,78,0604029N,Unmanned Undersea Vehicle Core Technologies,Y,"111,241",,"111,241",,"124,180","124,180","62,460",,"62,460",U
1319N,"Research, Development, Test and Evaluation, Navy",N,04,Advanced component development and prototypes,79,0604030N,"Rapid Prototyping, Experimentation and Demonstration.",Y,"107,754",,"107,754",,,,,,,U
1319N,"Research, Development, Test and Evaluation, Navy",N,04,Advanced component development and prototypes,80,0604031N,Large Unmanned Undersea Vehicles,Y,"6,776",,"6,776",,"360,000","360,000",,,,U
1319N,"Research, Development, Test and Evaluation, Navy",N,04,Advanced component development and prototypes,81,0604112N,Gerald R. Ford Class Nuclear Aircraft Carrier (CVN 78 - 80),Y,"91,597",,"91,597","112,704",,"112,704","111,241",,"111,241",U
1319N,"Research, Development, Test and Evaluation, Navy",N,04,Advanced component development and prototypes,82,0604127N,Surface Mine Countermeasures,Y,"13,940",,"13,940","18,504",,"18,504","17,762",,"17,762",U
1319N,"Research, Development, Test and Evaluation, Navy",N,04,Advanced component development and prototypes,83,0604272N,Tactical Air Directional Infrared Countermeasures (TADIRCM),Y,"41,438",,"41,438","14,387",,"14,387","14,974",,"14,974",U
1319N,"Research, Development, Test and Evaluation, Navy",N,04,Advanced component development and prototypes,84,0604286N,Navy Advanced Manufacturing,Y,,,,,"186,000","186,000","10,016",,"10,016",U
1319N,"Research, Development, Test and Evaluation, Navy",N,04,Advanced component development and prototypes,85,0604289M,Next Generation Logistics,Y,"8,058",,"8,058","2,722",,"2,722",24,,24,U
1319N,"Research, Development, Test and Evaluation, Navy",N,04,Advanced component development and prototypes,86,0604292N,Future Vertical Lift (Maritime Strike),Y,"4,704",,"4,704","7,125",,"7,125","5,314",,"5,314",U
1319N,"Research, Development, Test and Evaluation, Navy",N,04,Advanced component development and prototypes,87,0604295M,Marine Aviation Demonstration/Validation,Y,"54,091",,"54,091","38,873",,"38,873","47,152",,"47,152",U
1319N,"Research, Development, Test and Evaluation, Navy",N,04,Advanced component development and prototypes,88,0604320M,Rapid Technology Capability Prototype,Y,"82,173",,"82,173","89,007","18,500","107,507","125,999",,"125,999",U
1319N,"Research, Development, Test and Evaluation, Navy",N,04,Advanced component development and prototypes,89,0604454N,LX (R),Y,"9,677",,"9,677","26,709",,"26,709","18,574",,"18,574",U
1319N,"Research, Development, Test and Evaluation, Navy",N,04,Advanced component development and prototypes,90,0604536N,Advanced Undersea Prototyping,Y,"20,859",,"20,859","60,480","389,408","449,888","164,512",,"164,512",U
1319N,"Research, Development, Test and Evaluation, Navy",N,04,Advanced component development and prototypes,91,0604545N,Advanced Ship Building Industrial Base and Future Ship Experimental,Y,,,,,,,,"1,850,000","1,850,000",U
1319N,"Research, Development, Test and Evaluation, Navy",N,04,Advanced component development and prototypes,92,0604636N,Counter Unmanned Aircraft Systems (C-UAS),Y,"15,422",,"15,422","16,689",,"16,689","20,833",,"20,833",U
1319N,"Research, Development, Test and Evaluation, Navy",N,04,Advanced component development and prototypes,93,0604659N,Precision Strike Weapons Development Program,Y,"127,295",,"127,295","251,765","89,333","341,098","206,873",,"206,873",U
1319N,"Research, Development, Test and Evaluation, Navy",N,04,Advanced component development and prototypes,94,0604707N,Space and Electronic Warfare (SEW) Architecture/Engineering Support,Y,"8,554",,"8,554","6,605",,"6,605","8,657",,"8,657",U
1319N,"Research, Development, Test and Evaluation, Navy",N,04,Advanced component development and prototypes,95,0604786N,Offensive Anti-Surface Warfare Weapon Development,Y,"273,393",,"273,393","183,023","118,000","301,023","104,527",,"104,527",U
1319N,"Research, Development, Test and Evaluation, Navy",N,04,Advanced component development and prototypes,96,0605512N,MEDIUM UNMANNED SURFACE VEHICLES (MUSVs)),Y,"98,858",,"98,858",,"39,426","39,426",,,,U
1319N,"Research, Development, Test and Evaluation, Navy",N,04,Advanced component development and prototypes,97,0605513N,Unmanned Surface Vehicle Enabling Capabilities,Y,"102,122",,"102,122","24,115","315,330","339,445","255,135",,"255,135",U
1319N,"Research, Development, Test and Evaluation, Navy",N,04,Advanced component development and prototypes,98,0605514M,GROUND BASED ANTI-SHIP MISSILE,Y,"48,953",,"48,953","57,965",,"57,965","16,307",,"16,307",U
1319N,"Research, Development, Test and Evaluation, Navy",N,04,Advanced component development and prototypes,99,0605516M,LONG RANGE FIRES,Y,"19,934",,"19,934",,,,,,,U
1319N,"Research, Development, Test and Evaluation, Navy",N,04,Advanced component development and prototypes,100,0605518N,CONVENTIONAL PROMPT STRIKE (CPS),Y,"874,781",,"874,781","763,394",,"763,394","1,341,416","451,041","1,792,457",U
1319N,"Research, Development, Test and Evaluation, Navy",N,04,Advanced component development and prototypes,101,0105519N,Nuclear-Armed Sea-Launched Cruise Missile (SLCM-N) Support,Y,,,,,"1,677,309","1,677,309",,,,U
1319N,"Research, Development, Test and Evaluation, Navy",N,04,Advanced component development and prototypes,102,0207147M,Collaborative Combat Aircraft,Y,,,,"5,000","270,000","275,000","213,934",,"213,934",U
1319N,"Research, Development, Test and Evaluation, Navy",N,04,Advanced component development and prototypes,103,0303260N,Defense Military Deception Initiative,Y,,,,"1,980",,"1,980",,,,U
1319N,"Research, Development, Test and Evaluation, Navy",N,04,Advanced component development and prototypes,104,0303354N,ASW Systems Development - MIP,Y,"7,253",,"7,253","3,864",,"3,864","3,206",,"3,206",U
1319N,"Research, Development, Test and Evaluation, Navy",N,04,Advanced component development and prototypes,105,0304240M,Advanced Tactical Unmanned Aircraft System,Y,"3,504",,"3,504","2,822",,"2,822","1,979",,"1,979",U
1319N,"Research, Development, Test and Evaluation, Navy",N,04,Advanced component development and prototypes,106,0304270N,Electronic Warfare Development - MIP,Y,"1,395",,"1,395","1,278",,"1,278",,,,U
1319N,"Research, Development, Test and Evaluation, Navy",N,04,Advanced component development and prototypes,107,0304797N,Undersea Artificial Intelligence / Machine Learning (AI/ML),Y,"28,563",,"28,563","29,308",,"29,308","13,563",,"13,563",U
1319N,"Research, Development, Test and Evaluation, Navy",N,05,System development and demonstration,108,0603208N,Training System Aircraft,Y,"25,493",,"25,493","15,101",,"15,101","80,617",,"80,617",U
1319N,"Research, Development, Test and Evaluation, Navy",N,05,System development and demonstration,109,0604038N,Maritime Targeting Cell,Y,"43,301",,"43,301","147,802",,"147,802","216,514",,"216,514",U
1319N,"Research, Development, Test and Evaluation, Navy",N,05,System development and demonstration,110,0604212N,Other Helo Development,Y,,,,987,,987,976,,976,U
1319N,"Research, Development, Test and Evaluation, Navy",N,05,System development and demonstration,111,0604214M,AV-8B Aircraft - Eng Dev,Y,"5,299",,"5,299",,,,,,,U
1319N,"Research, Development, Test and Evaluation, Navy",N,05,System development and demonstration,112,0604215N,Standards Development,Y,"4,919",,"4,919","4,540",,"4,540","4,399",,"4,399",U
1319N,"Research, Development, Test and Evaluation, Navy",N,05,System development and demonstration,113,0604216N,Multi-Mission Helicopter Upgrade Development,Y,"63,906",,"63,906","114,071",,"114,071","88,855",,"88,855",U
1319N,"Research, Development, Test and Evaluation, Navy",N,05,System development and demonstration,114,0604230N,Warfare Support System,Y,"105,924",,"105,924","15,778","39,300","55,078","73,080",,"73,080",U
1319N,"Research, Development, Test and Evaluation, Navy",N,05,System development and demonstration,115,0604231N,Command and Control Systems,Y,"139,697",,"139,697","64,547",,"64,547","73,534",,"73,534",U
1319N,"Research, Development, Test and Evaluation, Navy",N,05,System development and demonstration,116,0604234N,Advanced Hawkeye,Y,"295,273",,"295,273","350,324",,"350,324","390,260",,"390,260",U
1319N,"Research, Development, Test and Evaluation, Navy",N,05,System development and demonstration,117,0604245M,H-1 Upgrades,Y,"43,732",,"43,732","62,240",,"62,240","66,446",,"66,446",U
1319N,"Research, Development, Test and Evaluation, Navy",N,05,System development and demonstration,118,0604261N,Acoustic Search Sensors,Y,"51,894",,"51,894","52,549",,"52,549","48,875",,"48,875",U
1319N,"Research, Development, Test and Evaluation, Navy",N,05,System development and demonstration,119,0604262N,V-22,Y,"96,469",,"96,469","144,072",,"144,072","252,335",,"252,335",U
1319N,"Research, Development, Test and Evaluation, Navy",N,05,System development and demonstration,120,0604264N,Air Crew Systems Development,Y,"29,180",,"29,180","44,297",,"44,297","21,582",,"21,582",U
1319N,"Research, Development, Test and Evaluation, Navy",N,05,System development and demonstration,121,0604269N,EA-18,Y,"164,122",,"164,122","184,921",,"184,921","131,683",,"131,683",U
1319N,"Research, Development, Test and Evaluation, Navy",N,05,System development and demonstration,122,0604270N,Electronic Warfare Development,Y,"179,572",,"179,572","185,606",,"185,606","168,985",,"168,985",U
1319N,"Research, Development, Test and Evaluation, Navy",N,05,System development and demonstration,123,0604273M,Executive Helo Development,Y,"49,968",,"49,968","74,980",,"74,980","69,438",,"69,438",U
1319N,"Research, Development, Test and Evaluation, Navy",N,05,System development and demonstration,124,0604274N,Next Generation Jammer (NGJ),Y,"74,950",,"74,950","64,167",,"64,167","50,332",,"50,332",U
1319N,"Research, Development, Test and Evaluation, Navy",N,05,System development and demonstration,125,0604280N,Joint Tactical Radio System - Navy (JTRS-Navy),Y,"321,150",,"321,150","330,855",,"330,855","409,318",,"409,318",U
1319N,"Research, Development, Test and Evaluation, Navy",N,05,System development and demonstration,126,0604282N,Next Generation Jammer (NGJ) Increment II,Y,"142,651",,"142,651","215,256",,"215,256","497,011",,"497,011",U
1319N,"Research, Development, Test and Evaluation, Navy",N,05,System development and demonstration,127,0604307N,Surface Combatant Combat System Engineering,Y,"512,559",,"512,559","524,135","65,000","589,135","425,060",,"425,060",U
1319N,"Research, Development, Test and Evaluation, Navy",N,05,System development and demonstration,128,0604329N,Small Diameter Bomb (SDB),Y,"21,234",,"21,234","23,836",,"23,836","64,428",,"64,428",U
1319N,"Research, Development, Test and Evaluation, Navy",N,05,System development and demonstration,129,0604366N,Standard Missile Improvements,Y,"248,688",,"248,688","511,712",,"511,712","539,279",,"539,279",U
1319N,"Research, Development, Test and Evaluation, Navy",N,05,System development and demonstration,130,0604373N,Airborne MCM,Y,"9,422",,"9,422","8,372",,"8,372","8,567",,"8,567",U
1319N,"Research, Development, Test and Evaluation, Navy",N,05,System development and demonstration,131,0604378N,Naval Integrated Fire Control - Counter Air Systems Engineering,Y,"40,618",,"40,618","39,878",,"39,878","42,177",,"42,177",U
1319N,"Research, Development, Test and Evaluation, Navy",N,05,System development and demonstration,132,0604501N,Advanced Above Water Sensors,Y,"108,585",,"108,585","67,881",,"67,881","67,900",,"67,900",U
1319N,"Research, Development, Test and Evaluation, Navy",N,05,System development and demonstration,133,0604503N,Submarine SWFTS Modernization,Y,"94,484",,"94,484","213,804",,"213,804","195,361",,"195,361",U
1319N,"Research, Development, Test and Evaluation, Navy",N,05,System development and demonstration,134,0604504N,Air Control,Y,"60,478",,"60,478","23,930",,"23,930","41,610",,"41,610",U
1319N,"Research, Development, Test and Evaluation, Navy",N,05,System development and demonstration,135,0604512N,Shipboard Aviation Systems,Y,"12,597",,"12,597","33,704",,"33,704","30,970",,"30,970",U
1319N,"Research, Development, Test and Evaluation, Navy",N,05,System development and demonstration,136,0604516N,Ship Survivability,Y,,,,"4,364",,"4,364","7,861",,"7,861",U
1319N,"Research, Development, Test and Evaluation, Navy",N,05,System development and demonstration,137,0604518N,Combat Information Center Conversion,Y,"10,458",,"10,458",,,,,,,U
1319N,"Research, Development, Test and Evaluation, Navy",N,05,System development and demonstration,138,0604522N,Air and Missile Defense Radar (AMDR) System,Y,"104,171",,"104,171","74,937",,"74,937","96,642",,"96,642",U
1319N,"Research, Development, Test and Evaluation, Navy",N,05,System development and demonstration,139,0604530N,Advanced Arresting Gear (AAG),Y,"10,744",,"10,744","34,933",,"34,933","60,518",,"60,518",U
1319N,"Research, Development, Test and Evaluation, Navy",N,05,System development and demonstration,140,0604558N,New Design SSN,Y,"264,102",,"264,102","255,010",,"255,010","237,103",,"237,103",U
1319N,"Research, Development, Test and Evaluation, Navy",N,05,System development and demonstration,141,0604562N,Submarine Tactical Warfare System,Y,"70,147",,"70,147",,,,,,,U
1319N,"Research, Development, Test and Evaluation, Navy",N,05,System development and demonstration,142,0604567N,Ship Contract Design/ Live Fire T&E,Y,"13,191",,"13,191","35,634",,"35,634","19,429",,"19,429",U
1319N,"Research, Development, Test and Evaluation, Navy",N,05,System development and demonstration,143,0604574N,Navy Tactical Computer Resources,Y,"3,898",,"3,898","3,552",,"3,552","3,415",,"3,415",U
1319N,"Research, Development, Test and Evaluation, Navy",N,05,System development and demonstration,144,0604601N,Mine Development,Y,"83,393",,"83,393",130,"178,326","178,456","158,666",,"158,666",U
1319N,"Research, Development, Test and Evaluation, Navy",N,05,System development and demonstration,145,0604610N,Lightweight Torpedo Development,Y,"92,266",,"92,266","5,065","88,179","93,244","102,159",,"102,159",U
1319N,"Research, Development, Test and Evaluation, Navy",N,05,System development and demonstration,146,0604654N,Joint Service Explosive Ordnance Development,Y,"8,774",,"8,774","8,740",,"8,740","8,509",,"8,509",U
1319N,"Research, Development, Test and Evaluation, Navy",N,05,System development and demonstration,147,0604657M,USMC Ground Combat/Supporting Arms Systems - Eng Dev,Y,"32,576",,"32,576","17,377",,"17,377","69,478",,"69,478",U
1319N,"Research, Development, Test and Evaluation, Navy",N,05,System development and demonstration,148,0604703N,"Personnel, Training, Simulation, and Human Factors",Y,"9,626",,"9,626","6,703",,"6,703","8,316",,"8,316",U
1319N,"Research, Development, Test and Evaluation, Navy",N,05,System development and demonstration,149,0604727N,Joint Standoff Weapon Systems,Y,"1,510",,"1,510",895,,895,"1,447",,"1,447",U
1319N,"Research, Development, Test and Evaluation, Navy",N,05,System development and demonstration,150,0604755N,Ship Self Defense (Detect & Control),Y,"166,701",,"166,701","167,711",,"167,711","156,167",,"156,167",U
1319N,"Research, Development, Test and Evaluation, Navy",N,05,System development and demonstration,151,0604756N,Ship Self Defense (Engage: Hard Kill),Y,"57,754",,"57,754","145,007","200,000","345,007","296,261",,"296,261",U
1319N,"Research, Development, Test and Evaluation, Navy",N,05,System development and demonstration,152,0604757N,Ship Self Defense (Engage: Soft Kill/EW),Y,"144,970",,"144,970","232,368",,"232,368","196,761",,"196,761",U
1319N,"Research, Development, Test and Evaluation, Navy",N,05,System development and demonstration,153,0604761N,Intelligence Engineering,Y,"23,810",,"23,810","7,023",,"7,023","6,426",,"6,426",U
1319N,"Research, Development, Test and Evaluation, Navy",N,05,System development and demonstration,154,0604771N,Medical Development,Y,"8,110",,"8,110","11,487",,"11,487","6,900",,"6,900",U
1319N,"Research, Development, Test and Evaluation, Navy",N,05,System development and demonstration,155,0604777N,Navigation/ID System,Y,"42,932",,"42,932","3,724",,"3,724","3,388",,"3,388",U
1319N,"Research, Development, Test and Evaluation, Navy",N,05,System development and demonstration,156,0604850N,SSN(X),Y,"327,385",,"327,385","335,987",,"335,987","315,914",,"315,914",U
1319N,"Research, Development, Test and Evaluation, Navy",N,05,System development and demonstration,157,0605013M,Information Technology Development,Y,"14,632",,"14,632","16,000",,"16,000","14,380",,"14,380",U
1319N,"Research, Development, Test and Evaluation, Navy",N,05,System development and demonstration,158,0605013N,Information Technology Development,Y,"333,279",,"333,279","234,102",,"234,102","149,089",,"149,089",U
1319N,"Research, Development, Test and Evaluation, Navy",N,05,System development and demonstration,159,0605024N,Anti-Tamper Technology Support,Y,"3,304",,"3,304","3,428",,"3,428","3,459",,"3,459",U
1319N,"Research, Development, Test and Evaluation, Navy",N,05,System development and demonstration,160,0605180N,TACAMO Modernization,Y,"727,931",,"727,931","1,043,978",,"1,043,978","1,662,723",,"1,662,723",U
1319N,"Research, Development, Test and Evaluation, Navy",N,05,System development and demonstration,161,0605212M,CH-53K RDTE,Y,"71,398",,"71,398","135,432",,"135,432","139,273",,"139,273",U
1319N,"Research, Development, Test and Evaluation, Navy",N,05,System development and demonstration,162,0605215N,Mission Planning,Y,"113,212",,"113,212","120,255",,"120,255","82,618",,"82,618",U
1319N,"Research, Development, Test and Evaluation, Navy",N,05,System development and demonstration,163,0605217N,Common Avionics,Y,"85,470",,"85,470","67,944",,"67,944","133,855",,"133,855",U
1319N,"Research, Development, Test and Evaluation, Navy",N,05,System development and demonstration,164,0605220N,Ship to Shore Connector (SSC),Y,"6,115",,"6,115","15,948","1,688","17,636","4,519",,"4,519",U
1319N,"Research, Development, Test and Evaluation, Navy",N,05,System development and demonstration,165,0605285N,Next Generation Fighter,Y,"437,492",,"437,492","940,493","750,000","1,690,493","68,498","72,115","140,613",U
1319N,"Research, Development, Test and Evaluation, Navy",N,05,System development and demonstration,166,0605414N,Unmanned Carrier Aviation (UCA),Y,"251,254",,"251,254","314,754",,"314,754",,,,U
1319N,"Research, Development, Test and Evaluation, Navy",N,05,System development and demonstration,167,0605450M,Joint Air-to-Ground Missile (JAGM),Y,"20,027",,"20,027","59,077",,"59,077","189,866",,"189,866",U
1319N,"Research, Development, Test and Evaluation, Navy",N,05,System development and demonstration,168,0605500N,Multi-mission Maritime Aircraft (MMA),Y,"32,992",,"32,992","41,129",,"41,129","87,173",,"87,173",U
1319N,"Research, Development, Test and Evaluation, Navy",N,05,System development and demonstration,169,0605504N,Multi-Mission Maritime (MMA) Increment III,Y,"120,834",,"120,834","103,397",,"103,397","52,951",,"52,951",U
1319N,"Research, Development, Test and Evaluation, Navy",N,05,System development and demonstration,170,0605516N,Long Range Fires,Y,"117,690",,"117,690","138,443",,"138,443","186,735",,"186,735",U
1319N,"Research, Development, Test and Evaluation, Navy",N,05,System development and demonstration,171,0605611M,Marine Corps Assault Vehicles System Development & Demonstration,Y,"44,472",,"44,472","49,471",,"49,471","12,461",,"12,461",U
1319N,"Research, Development, Test and Evaluation, Navy",N,05,System development and demonstration,172,0605813M,Joint Light Tactical Vehicle (JLTV) System Development & Demonstration,Y,"9,934",,"9,934","6,984",,"6,984","2,413",,"2,413",U
1319N,"Research, Development, Test and Evaluation, Navy",N,05,System development and demonstration,173,0204202N,Destroyers Guided Missile (DDG-1000),Y,"216,153",,"216,153","58,817",,"58,817","50,166",,"50,166",U
1319N,"Research, Development, Test and Evaluation, Navy",N,05,System development and demonstration,174,0301377N,Countering Advanced Conventional Weapons (CACW),Y,"19,517",,"19,517","16,906",,"16,906","15,563",,"15,563",U
1319N,"Research, Development, Test and Evaluation, Navy",N,05,System development and demonstration,175,0302315N,Non-Kinetic Countermeasure Support,Y,"8,324",,"8,324","23,818",,"23,818","23,146",,"23,146",U
1319N,"Research, Development, Test and Evaluation, Navy",N,05,System development and demonstration,176,0303267N,Auctioned Spectrum Relocation Fund,Y,"13,443",,"13,443",,,,,,,U
1319N,"Research, Development, Test and Evaluation, Navy",N,05,System development and demonstration,177,0303667N,Citizen Broadband Radio System,Y,"1,473",,"1,473",,,,,,,U
1319N,"Research, Development, Test and Evaluation, Navy",N,05,System development and demonstration,178,0303867N,AMBIT - Post-Auctioned SRF,Y,"84,793",,"84,793",,,,,,,U
1319N,"Research, Development, Test and Evaluation, Navy",N,05,System development and demonstration,179,0303968N,SPP-L3G-7/8Ghz - DSS,Y,"8,290",,"8,290",,,,,,,U
1319N,"Research, Development, Test and Evaluation, Navy",N,05,System development and demonstration,180,0303970N,SPP-L3G-ADSSD,Y,"51,358",,"51,358",,,,,,,U
1319N,"Research, Development, Test and Evaluation, Navy",N,05,System development and demonstration,181,0304785N,ISR & Info Operations,Y,"188,392",,"188,392","177,567",,"177,567","274,478",,"274,478",U
1319N,"Research, Development, Test and Evaluation, Navy",N,05,System development and demonstration,182,0305282M,Joint Fires Network (JFN),Y,,,,,"35,901","35,901",,,,U
1319N,"Research, Development, Test and Evaluation, Navy",N,05,System development and demonstration,183,0306250M,Cyber Operations Technology Development,Y,"7,289",,"7,289","11,936",,"11,936","8,962",,"8,962",U
1319N,"Research, Development, Test and Evaluation, Navy",N,06,Management support,184,0604256N,Threat Simulator Development,Y,"25,374",,"25,374","25,133",,"25,133","16,453",,"16,453",U
1319N,"Research, Development, Test and Evaluation, Navy",N,06,Management support,185,0604258N,Target Systems Development,Y,"15,744",,"15,744","16,602",,"16,602","22,653",,"22,653",U
1319N,"Research, Development, Test and Evaluation, Navy",N,06,Management support,186,0604759N,Major T&E Investment,Y,"65,039",,"65,039","64,842",,"64,842","112,458",,"112,458",U
1319N,"Research, Development, Test and Evaluation, Navy",N,06,Management support,187,0605152N,Studies and Analysis Support - Navy,Y,"5,534",,"5,534","3,596",,"3,596","4,336",,"4,336",U
1319N,"Research, Development, Test and Evaluation, Navy",N,06,Management support,188,0605154N,Center for Naval Analyses,Y,"42,277",,"42,277","31,695",,"31,695","28,310",,"28,310",U
1319N,"Research, Development, Test and Evaluation, Navy",N,06,Management support,189,0605502N,Small Business Innovative Research,Y,"585,723",,"585,723",,,,,,,U
1319N,"Research, Development, Test and Evaluation, Navy",N,06,Management support,190,0605804N,Technical Information Services,Y,"1,819",,"1,819",,,,,,,U
1319N,"Research, Development, Test and Evaluation, Navy",N,06,Management support,191,0605853N,"Management, Technical  & International Support",Y,"138,947",,"138,947","133,538","68,292","201,830","124,898",,"124,898",U
1319N,"Research, Development, Test and Evaluation, Navy",N,06,Management support,192,0605856N,Strategic Technical Support,Y,"3,400",,"3,400","3,709",,"3,709","4,260",,"4,260",U
1319N,"Research, Development, Test and Evaluation, Navy",N,06,Management support,193,0605863N,RDT&E Ship and Aircraft Support,Y,"150,974",,"150,974","151,479",,"151,479","170,699",,"170,699",U
1319N,"Research, Development, Test and Evaluation, Navy",N,06,Management support,194,0605864N,Test and Evaluation Support,Y,"476,655",,"476,655","463,725",,"463,725","470,492",,"470,492",U
1319N,"Research, Development, Test and Evaluation, Navy",N,06,Management support,195,0605865N,Operational Test and Evaluation Capability,Y,"30,032",,"30,032","30,880",,"30,880","31,902",,"31,902",U
1319N,"Research, Development, Test and Evaluation, Navy",N,06,Management support,196,0605866N,Navy Space and Electronic Warfare (SEW) Support,Y,"22,983",,"22,983","22,563",,"22,563","21,498",,"21,498",U
1319N,"Research, Development, Test and Evaluation, Navy",N,06,Management support,197,0605867N,SEW Surveillance/Reconnaissance Support,Y,"6,390",,"6,390","7,325",,"7,325","25,144",,"25,144",U
1319N,"Research, Development, Test and Evaluation, Navy",N,06,Management support,198,0605873M,Marine Corps Program Wide Support,Y,"30,088",,"30,088","28,816",,"28,816","70,013",,"70,013",U
1319N,"Research, Development, Test and Evaluation, Navy",N,06,Management support,199,0605898N,Management HQ - R&D,Y,"41,405",,"41,405","42,751",,"42,751","33,533",,"33,533",U
1319N,"Research, Development, Test and Evaluation, Navy",N,06,Management support,200,0606295M,Marine Aviation Developmental Management and Support,Y,"4,922",,"4,922","4,732",,"4,732","19,165",,"19,165",U
1319N,"Research, Development, Test and Evaluation, Navy",N,06,Management support,201,0606355N,Warfare Innovation Management,Y,"49,590",,"49,590","37,551",,"37,551","35,931",,"35,931",U
1319N,"Research, Development, Test and Evaluation, Navy",N,06,Management support,202,0606942N,Assessments and Evaluations Cyber Vulnerabilities,Y,,,,,,,"11,282",,"11,282",U
1319N,"Research, Development, Test and Evaluation, Navy",N,06,Management support,203,0305327N,Insider Threat,Y,"2,920",,"2,920","2,653",,"2,653","2,214",,"2,214",U
1319N,"Research, Development, Test and Evaluation, Navy",N,06,Management support,204,0902498N,Management Headquarters (Departmental Support Activities),Y,"2,232",,"2,232","2,041",,"2,041","2,054",,"2,054",U
1319N,"Research, Development, Test and Evaluation, Navy",N,06,Management support,205,0909980N,Judgment Fund Reimbursement,Y,181,,181,,,,,,,U
1319N,"Research, Development, Test and Evaluation, Navy",N,06,Management support,206,0909999N,Financing for Cancelled Account Adjustments,Y,"2,032",,"2,032",,,,,,,U
1319N,"Research, Development, Test and Evaluation, Navy",N,07,Operational system development,208,0604840M,F-35 C2D2,Y,"465,005",,"465,005","418,084",,"418,084","469,779","787,779","1,257,558",U
1319N,"Research, Development, Test and Evaluation, Navy",N,07,Operational system development,209,0604840N,F-35 C2D2,Y,"451,143",,"451,143","401,262",,"401,262","428,545","688,919","1,117,464",U
1319N,"Research, Development, Test and Evaluation, Navy",N,07,Operational system development,210,0605520M,MARINE CORPS AIR DEFENSE WEAPONS SYSTEMS,Y,"82,640",,"82,640","63,863",,"63,863","133,041",,"133,041",U
1319N,"Research, Development, Test and Evaluation, Navy",N,07,Operational system development,211,0607658N,Cooperative Engagement Capability (CEC),Y,"138,660",,"138,660","136,436",,"136,436","120,782",,"120,782",U
1319N,"Research, Development, Test and Evaluation, Navy",N,07,Operational system development,212,0101221N,Strategic Sub & Weapons System Support,Y,"326,596",,"326,596","828,337",,"828,337","1,051,736",,"1,051,736",U
1319N,"Research, Development, Test and Evaluation, Navy",N,07,Operational system development,213,0101224N,SSBN Security Technology Program,Y,"58,663",,"58,663","63,252",,"63,252","65,856",,"65,856",U
1319N,"Research, Development, Test and Evaluation, Navy",N,07,Operational system development,214,0101226N,Submarine Acoustic Warfare Development,Y,"99,201",,"99,201","47,701","63,700","111,401","114,279",,"114,279",U
1319N,"Research, Development, Test and Evaluation, Navy",N,07,Operational system development,215,0101402N,Navy Strategic Communications,Y,"28,915",,"28,915","52,404",,"52,404","88,572",,"88,572",U
1319N,"Research, Development, Test and Evaluation, Navy",N,07,Operational system development,216,0204136N,F/A-18 Squadrons,Y,"328,703",,"328,703","395,927",,"395,927","271,429",,"271,429",U
1319N,"Research, Development, Test and Evaluation, Navy",N,07,Operational system development,217,0204228N,Surface Support,Y,"8,419",,"8,419",,,,,,,U
1319N,"Research, Development, Test and Evaluation, Navy",N,07,Operational system development,218,0204229N,Tomahawk and Tomahawk Mission Planning Center (TMPC),Y,"163,035",,"163,035","134,177","80,175","214,352","76,653",,"76,653",U
1319N,"Research, Development, Test and Evaluation, Navy",N,07,Operational system development,219,0204311N,Integrated Surveillance System,Y,"71,459",,"71,459","71,800",,"71,800","71,901",,"71,901",U
1319N,"Research, Development, Test and Evaluation, Navy",N,07,Operational system development,220,0204313N,Ship-Towed Array Surveillance Systems,Y,"1,428",,"1,428","1,990",,"1,990",954,,954,U
1319N,"Research, Development, Test and Evaluation, Navy",N,07,Operational system development,221,0204413N,Amphibious Tactical Support Units (Displacement Craft),Y,"2,211",,"2,211",,"1,679","1,679","1,526",,"1,526",U
1319N,"Research, Development, Test and Evaluation, Navy",N,07,Operational system development,222,0204460M,Ground/Air Task Oriented Radar (G/ATOR),Y,"39,754",,"39,754","32,045",,"32,045","66,255",,"66,255",U
1319N,"Research, Development, Test and Evaluation, Navy",N,07,Operational system development,223,0204571N,Consolidated Training Systems Development,Y,"156,770",,"156,770","199,067",,"199,067","115,839",,"115,839",U
1319N,"Research, Development, Test and Evaluation, Navy",N,07,Operational system development,224,0204575N,Electronic Warfare (EW) Readiness Support,Y,"220,689",,"220,689","115,834",,"115,834","198,560",,"198,560",U
1319N,"Research, Development, Test and Evaluation, Navy",N,07,Operational system development,225,0205601N,Anti-Radiation Missile Improvement,Y,"21,949",,"21,949","33,659",,"33,659","80,491",,"80,491",U
1319N,"Research, Development, Test and Evaluation, Navy",N,07,Operational system development,226,0205620N,Surface ASW Combat System Integration,Y,"28,793",,"28,793",,,,,,,U
1319N,"Research, Development, Test and Evaluation, Navy",N,07,Operational system development,227,0205632N,MK-48 ADCAP,Y,"142,331",,"142,331","53,338","180,000","233,338","123,011",,"123,011",U
1319N,"Research, Development, Test and Evaluation, Navy",N,07,Operational system development,228,0205633N,Aviation Improvements,Y,"134,381",,"134,381","138,522",,"138,522","108,505",,"108,505",U
1319N,"Research, Development, Test and Evaluation, Navy",N,07,Operational system development,229,0205675N,Operational Nuclear Power Systems,Y,"167,098",,"167,098","209,200",,"209,200","252,893",,"252,893",U
1319N,"Research, Development, Test and Evaluation, Navy",N,07,Operational system development,230,0206313M,Marine Corps Communications Systems,Y,"139,757","7,030","146,787","128,384",,"128,384","268,983",,"268,983",U
1319N,"Research, Development, Test and Evaluation, Navy",N,07,Operational system development,231,0206335M,Common Aviation Command and Control System (CAC2S),Y,"17,626",,"17,626","17,813",,"17,813",,,,U
1319N,"Research, Development, Test and Evaluation, Navy",N,07,Operational system development,232,0206623M,Marine Corps Ground Combat/Supporting Arms Systems,Y,"69,049",,"69,049","72,552",,"72,552","79,031",,"79,031",U
1319N,"Research, Development, Test and Evaluation, Navy",N,07,Operational system development,233,0206624M,Marine Corps Combat Services Support,Y,"34,905",,"34,905","20,419","10,531","30,950","19,915",,"19,915",U
1319N,"Research, Development, Test and Evaluation, Navy",N,07,Operational system development,234,0206625M,USMC Intelligence/Electronic Warfare Systems,Y,"37,372",,"37,372","41,789",,"41,789","149,055",,"149,055",U
1319N,"Research, Development, Test and Evaluation, Navy",N,07,Operational system development,235,0207161N,Tactical AIM Missiles,Y,"30,668",,"30,668","34,650",,"34,650","122,518",,"122,518",U
1319N,"Research, Development, Test and Evaluation, Navy",N,07,Operational system development,236,0207163N,Advanced Medium Range Air-to-Air Missile (AMRAAM),Y,"29,247",,"29,247","26,286",,"26,286","24,675",,"24,675",U
1319N,"Research, Development, Test and Evaluation, Navy",N,07,Operational system development,237,0207255N,MQ-25 Stingray,Y,,,,,,,"513,308",,"513,308",U
1319N,"Research, Development, Test and Evaluation, Navy",N,07,Operational system development,238,0208043N,Planning and Decision Aid System (PDAS),Y,"3,545",,"3,545","3,572",,"3,572","3,491",,"3,491",U
1319N,"Research, Development, Test and Evaluation, Navy",N,07,Operational system development,242,0303138N,Afloat Networks,Y,"56,115",,"56,115","78,465",,"78,465","68,369",,"68,369",U
1319N,"Research, Development, Test and Evaluation, Navy",N,07,Operational system development,243,0303140N,Information Systems Security Program,Y,"34,397",,"34,397","64,147",,"64,147","79,128",,"79,128",U
1319N,"Research, Development, Test and Evaluation, Navy",N,07,Operational system development,244,0305192N,Military Intelligence Program (MIP) Activities,Y,"7,239",,"7,239","3,311","37,688","40,999","5,187",,"5,187",U
1319N,"Research, Development, Test and Evaluation, Navy",N,07,Operational system development,245,0305205N,UAS Integration and Interoperability,Y,,,,"9,654",,"9,654",,,,U
1319N,"Research, Development, Test and Evaluation, Navy",N,07,Operational system development,246,0305208M,Distributed Common Ground/Surface Systems,Y,"45,550",,"45,550","61,238",,"61,238",,,,U
1319N,"Research, Development, Test and Evaluation, Navy",N,07,Operational system development,247,0305220N,MQ-4C Triton,Y,"14,402",,"14,402","14,421",,"14,421","10,515",,"10,515",U
1319N,"Research, Development, Test and Evaluation, Navy",N,07,Operational system development,248,0305232M,RQ-11 UAV,Y,"2,016",,"2,016","1,063",,"1,063","19,842",,"19,842",U
1319N,"Research, Development, Test and Evaluation, Navy",N,07,Operational system development,249,0305241N,Multi-Intelligence Sensor Development,Y,"40,267",,"40,267","41,414",,"41,414","49,898",,"49,898",U
1319N,"Research, Development, Test and Evaluation, Navy",N,07,Operational system development,250,0305242M,Unmanned Aerial Systems (UAS) Payloads (MIP),Y,"10,917",,"10,917","9,157",,"9,157","20,750",,"20,750",U
1319N,"Research, Development, Test and Evaluation, Navy",N,07,Operational system development,251,0305421N,MQ-4C Triton Modernization,Y,"444,042",,"444,042","361,943",,"361,943","344,890",,"344,890",U
1319N,"Research, Development, Test and Evaluation, Navy",N,07,Operational system development,252,0307577N,Intelligence Mission Data (IMD),Y,791,,791,803,,803,787,,787,U
1319N,"Research, Development, Test and Evaluation, Navy",N,07,Operational system development,253,0308601N,Modeling and Simulation Support,Y,"20,253",,"20,253","23,973",,"23,973","16,401",,"16,401",U
1319N,"Research, Development, Test and Evaluation, Navy",N,07,Operational system development,254,0702207N,Depot Maintenance (Non-IF),Y,"26,752",,"26,752","23,372",,"23,372","8,097",,"8,097",U
1319N,"Research, Development, Test and Evaluation, Navy",N,07,Operational system development,255,0708730N,Maritime Technology (MARITECH),Y,"4,156",,"4,156","3,600",,"3,600","1,710",,"1,710",U
1319N,"Research, Development, Test and Evaluation, Navy",,07,Operational system development,999,9999999999,Classified Programs,Y,"2,293,539",,"2,293,539","2,795,769",,"2,795,769","2,755,838",,"2,755,838",U
1319N,"Research, Development, Test and Evaluation, Navy",N,08,Software and digital technology pilot programs,256,0608013N,Risk management Information - Software Pilot Program,Y,"14,307",,"14,307","13,341",,"13,341","13,017",,"13,017",U
1319N,"Research, Development, Test and Evaluation, Navy",N,08,Software and digital technology pilot programs,257,0608231N,Maritime Tactical Command and Control (MTC2) - Software Pilot Program,Y,"10,289",,"10,289","31,827",,"31,827","25,299",,"25,299",U
3600F,"Research, Development, Test and Evaluation, Air Force",F,01,Basic research,1,0601102F,Defense Research Sciences,Y,"324,773",,"324,773","307,645",,"307,645","296,535",,"296,535",U
3600F,"Research, Development, Test and Evaluation, Air Force",F,01,Basic research,2,0601103F,University Research Initiatives,Y,"128,783",,"128,783","99,908",,"99,908","91,394",,"91,394",U
3600F,"Research, Development, Test and Evaluation, Air Force",F,02,Applied research,3,0602020F,Future AF Capabilities Applied Research,Y,"65,619",,"65,619","77,367",,"77,367","44,029",,"44,029",U
3600F,"Research, Development, Test and Evaluation, Air Force",F,02,Applied research,4,0602022F,University Affiliated Research Center (UARC) - Tactical Autonomy,Y,"7,924",,"7,924","6,208",,"6,208",,,,U
3600F,"Research, Development, Test and Evaluation, Air Force",F,02,Applied research,5,0602102F,Materials,Y,"176,661",,"176,661","232,193",,"232,193","139,872",,"139,872",U
3600F,"Research, Development, Test and Evaluation, Air Force",F,02,Applied research,6,0602201F,Aerospace Vehicle Technologies,Y,"4,932",,"4,932",,,,,,,U
3600F,"Research, Development, Test and Evaluation, Air Force",F,02,Applied research,7,0602202F,Human Effectiveness Applied Research,Y,"130,281",,"130,281","145,285",,"145,285","103,170",,"103,170",U
3600F,"Research, Development, Test and Evaluation, Air Force",F,02,Applied research,8,0602203F,Aerospace Systems Technologies,Y,"330,065",,"330,065","381,094",,"381,094","397,809",,"397,809",U
3600F,"Research, Development, Test and Evaluation, Air Force",F,02,Applied research,9,0602204F,Aerospace Sensors,Y,"183,053",,"183,053","218,973",,"218,973","164,962",,"164,962",U
3600F,"Research, Development, Test and Evaluation, Air Force",F,02,Applied research,10,0602212F,"Defense Laboratories R&D Projects (10 U.S.C, Sec 2358)",Y,"97,809",,"97,809",,,,,,,U
3600F,"Research, Development, Test and Evaluation, Air Force",F,02,Applied research,11,0602298F,Science and Technology Management -  Major Headquarters Activities,Y,"9,662",,"9,662","13,763",,"13,763","10,285",,"10,285",U
3600F,"Research, Development, Test and Evaluation, Air Force",F,02,Applied research,12,0602336F,Nuclear Delivery Systems Tech Exploration,Y,,,,"4,937",,"4,937","27,031",,"27,031",U
3600F,"Research, Development, Test and Evaluation, Air Force",F,02,Applied research,13,0602602F,Conventional Munitions,Y,"136,072",,"136,072","124,433",,"124,433","130,146",,"130,146",U
3600F,"Research, Development, Test and Evaluation, Air Force",F,02,Applied research,14,0602605F,Directed Energy Technology,Y,"92,374",,"92,374","96,154",,"96,154","91,798",,"91,798",U
3600F,"Research, Development, Test and Evaluation, Air Force",F,02,Applied research,15,0602788F,Dominant Information Sciences and Methods,Y,"196,117",,"196,117","295,677",,"295,677","149,174",,"149,174",U
3600F,"Research, Development, Test and Evaluation, Air Force",F,03,Advanced technology development,16,0603032F,Future AF Integrated Technology Demos,Y,"150,643",,"150,643","255,570",,"255,570","282,004",,"282,004",U
3600F,"Research, Development, Test and Evaluation, Air Force",F,03,Advanced technology development,17,0603112F,Advanced Materials for Weapon Systems,Y,"30,035",,"30,035","45,202",,"45,202","32,808",,"32,808",U
3600F,"Research, Development, Test and Evaluation, Air Force",F,03,Advanced technology development,18,0603199F,Sustainment Science and Technology (S&T),Y,"5,358",,"5,358","27,791",,"27,791","13,277",,"13,277",U
3600F,"Research, Development, Test and Evaluation, Air Force",F,03,Advanced technology development,19,0603203F,Advanced Aerospace Sensors,Y,"35,088",,"35,088","69,098",,"69,098","72,149",,"72,149",U
3600F,"Research, Development, Test and Evaluation, Air Force",F,03,Advanced technology development,20,0603211F,Aerospace Technology Dev/Demo,Y,"75,627",,"75,627","264,439",,"264,439","260,212",,"260,212",U
3600F,"Research, Development, Test and Evaluation, Air Force",F,03,Advanced technology development,21,0603270F,Electronic Combat Technology,Y,"34,654",,"34,654",,,,,,,U
3600F,"Research, Development, Test and Evaluation, Air Force",F,03,Advanced technology development,22,0603273F,Science & Technology for Nuclear Re-entry Systems,Y,"85,661",,"85,661","141,569",,"141,569","165,949",,"165,949",U
3600F,"Research, Development, Test and Evaluation, Air Force",F,03,Advanced technology development,23,0603456F,Human Effectiveness Advanced Technology Development,Y,"13,549",,"13,549","19,549",,"19,549","20,338",,"20,338",U
3600F,"Research, Development, Test and Evaluation, Air Force",F,03,Advanced technology development,24,0603601F,Conventional Weapons Technology,Y,"117,877",,"117,877","98,569",,"98,569","131,397",,"131,397",U
3600F,"Research, Development, Test and Evaluation, Air Force",F,03,Advanced technology development,25,0603605F,Advanced Weapons Technology,Y,"27,161",,"27,161","16,783",,"16,783","13,744",,"13,744",U
3600F,"Research, Development, Test and Evaluation, Air Force",F,03,Advanced technology development,26,0603680F,Manufacturing Technology Program,Y,"118,087",,"118,087","342,507",,"342,507","99,908",,"99,908",U
3600F,"Research, Development, Test and Evaluation, Air Force",F,03,Advanced technology development,27,0603788F,Battlespace Knowledge Development and Demonstration,Y,"53,512",,"53,512","32,411",,"32,411","31,938",,"31,938",U
3600F,"Research, Development, Test and Evaluation, Air Force",F,03,Advanced technology development,28,0604776F,Deployment & Distribution Enterprise R&D,Y,"19,325",,"19,325","30,263",,"30,263","29,109",,"29,109",U
3600F,"Research, Development, Test and Evaluation, Air Force",F,03,Advanced technology development,29,0207412F,Control and Reporting Center (CRC),Y,"1,938",,"1,938",,,,,,,U
3600F,"Research, Development, Test and Evaluation, Air Force",F,04,Advanced component development and prototypes,30,0603036F,Modular Advanced Missile,Y,,,,,,,"15,099",,"15,099",U
3600F,"Research, Development, Test and Evaluation, Air Force",F,04,Advanced component development and prototypes,31,0603260F,Intelligence Advanced Development,Y,"3,820",,"3,820","3,901",,"3,901","4,012",,"4,012",U
3600F,"Research, Development, Test and Evaluation, Air Force",F,04,Advanced component development and prototypes,32,0603677F,In-Transit Visibility (ITV) Modernization,Y,,,,"10,000",,"10,000",,,,U
3600F,"Research, Development, Test and Evaluation, Air Force",F,04,Advanced component development and prototypes,33,0603742F,Combat Identification Technology,Y,"16,790",,"16,790","24,860",,"24,860","25,888",,"25,888",U
3600F,"Research, Development, Test and Evaluation, Air Force",F,04,Advanced component development and prototypes,34,0603790F,NATO Research and Development,Y,"2,214",,"2,214","4,532",,"4,532","2,320",,"2,320",U
3600F,"Research, Development, Test and Evaluation, Air Force",F,04,Advanced component development and prototypes,35,0603851F,Intercontinental Ballistic Missile - Dem/Val,Y,"106,040",,"106,040","117,120",,"117,120","72,112",,"72,112",U
3600F,"Research, Development, Test and Evaluation, Air Force",F,04,Advanced component development and prototypes,36,0604001F,NC3 Advanced Concepts,Y,"5,283",,"5,283","10,762",,"10,762","14,394",,"14,394",U
3600F,"Research, Development, Test and Evaluation, Air Force",F,04,Advanced component development and prototypes,37,0604003F,Advanced Battle Management System (ABMS),Y,"595,537",,"595,537","870,876",,"870,876","1,040,945",,"1,040,945",U
3600F,"Research, Development, Test and Evaluation, Air Force",F,04,Advanced component development and prototypes,38,0604004F,Advanced Engine Development,Y,"96,470",,"96,470","25,000",,"25,000",,,,U
3600F,"Research, Development, Test and Evaluation, Air Force",F,04,Advanced component development and prototypes,39,0604005F,NC3 Commercial Development & Prototyping,Y,"50,702",,"50,702","66,249",,"66,249","61,355",,"61,355",U
3600F,"Research, Development, Test and Evaluation, Air Force",F,04,Advanced component development and prototypes,40,0604007F,E-7,Y,"586,729",,"586,729","1,097,263",,"1,097,263",,,,U
3600F,"Research, Development, Test and Evaluation, Air Force",F,04,Advanced component development and prototypes,41,0604009F,AFWERX,Y,"62,123",,"62,123","73,499",,"73,499","3,589",,"3,589",U
3600F,"Research, Development, Test and Evaluation, Air Force",F,04,Advanced component development and prototypes,42,0604010F,Next Generation Adaptive Propulsion,Y,"489,737",,"489,737","326,010",,"326,010","513,681",,"513,681",U
3600F,"Research, Development, Test and Evaluation, Air Force",F,04,Advanced component development and prototypes,43,0604015F,Long Range Strike - Bomber,Y,"2,565,533",,"2,565,533","2,729,511",,"2,729,511","2,862,677",,"2,862,677",U
3600F,"Research, Development, Test and Evaluation, Air Force",F,04,Advanced component development and prototypes,44,0604025F,Rapid Defense Experimentation Reserve (RDER),Y,"72,448",,"72,448",,,,,,,U
3600F,"Research, Development, Test and Evaluation, Air Force",F,04,Advanced component development and prototypes,45,0604032F,Directed Energy Prototyping,Y,"1,312",,"1,312",,,,,,,U
3600F,"Research, Development, Test and Evaluation, Air Force",F,04,Advanced component development and prototypes,46,0604033F,Hypersonics Prototyping,Y,,,,,"133,334","133,334","345,769",,"345,769",U
3600F,"Research, Development, Test and Evaluation, Air Force",F,04,Advanced component development and prototypes,47,0604041F,Family of Affordable Mass Missiles (FAMM),Y,,,,,"285,000","285,000","525,223","51,000","576,223",U
3600F,"Research, Development, Test and Evaluation, Air Force",F,04,Advanced component development and prototypes,48,0604060F,NORAD & USNORTHCOM (N&NC) Experimentation,Y,,,,,,,"39,257",,"39,257",U
3600F,"Research, Development, Test and Evaluation, Air Force",F,04,Advanced component development and prototypes,49,0604183F,Hypersonics Prototyping - Hypersonic Attack Cruise Missile (HACM),Y,"452,800",,"452,800","828,075",,"828,075","806,142",,"806,142",U
3600F,"Research, Development, Test and Evaluation, Air Force",F,04,Advanced component development and prototypes,50,0604257F,Advanced Technology and Sensors,Y,"15,865",,"15,865","40,779",,"40,779","38,756",,"38,756",U
3600F,"Research, Development, Test and Evaluation, Air Force",F,04,Advanced component development and prototypes,51,0604288F,Survivable Airborne Operations Center (SAOC),Y,"1,559,133",,"1,559,133",,,,,,,U
3600F,"Research, Development, Test and Evaluation, Air Force",F,04,Advanced component development and prototypes,52,0604317F,Technology Transfer,Y,"10,151",,"10,151","37,529",,"37,529","2,196",,"2,196",U
3600F,"Research, Development, Test and Evaluation, Air Force",F,04,Advanced component development and prototypes,53,0604327F,Hard and Deeply Buried Target Defeat System (HDBTDS) Program,Y,"120,184",,"120,184","142,661","154,000","296,661","186,385",,"186,385",U
3600F,"Research, Development, Test and Evaluation, Air Force",F,04,Advanced component development and prototypes,54,0604336F,Nuclear Delivery Systems Prototyping,Y,"37,709",,"37,709","42,538",,"42,538","91,550",,"91,550",U
3600F,"Research, Development, Test and Evaluation, Air Force",F,04,Advanced component development and prototypes,55,0604343F,Advanced Tanker Systems,Y,,,,,,,"13,036",,"13,036",U
3600F,"Research, Development, Test and Evaluation, Air Force",F,04,Advanced component development and prototypes,56,0604414F,Cyber Resiliency of Weapon Systems-ACS,Y,"44,191",,"44,191","45,642",,"45,642","44,377",,"44,377",U
3600F,"Research, Development, Test and Evaluation, Air Force",F,04,Advanced component development and prototypes,57,0604609F,Requirements Analysis & Concept Maturation,Y,"12,230",,"12,230","17,264",,"17,264","57,575",,"57,575",U
3600F,"Research, Development, Test and Evaluation, Air Force",F,04,Advanced component development and prototypes,58,0604668F,Joint Transportation Management System (JTMS),Y,"71,552",,"71,552","124,787",,"124,787","57,802",,"57,802",U
3600F,"Research, Development, Test and Evaluation, Air Force",F,04,Advanced component development and prototypes,59,0604776F,Deployment & Distribution Enterprise R&D,Y,"4,840",,"4,840","4,996",,"4,996","5,136",,"5,136",U
3600F,"Research, Development, Test and Evaluation, Air Force",F,04,Advanced component development and prototypes,60,0604858F,Tech Transition Program,Y,"246,279",,"246,279","159,756","296,000","455,756","166,061",,"166,061",U
3600F,"Research, Development, Test and Evaluation, Air Force",F,04,Advanced component development and prototypes,61,0604860F,Operational Energy and Installation Resilience,Y,"24,597",,"24,597","81,419","102,000","183,419","61,000",,"61,000",U
3600F,"Research, Development, Test and Evaluation, Air Force",F,04,Advanced component development and prototypes,62,0605057F,Next Generation Air-refueling System,Y,"6,891",,"6,891","11,874",,"11,874",,,,U
3600F,"Research, Development, Test and Evaluation, Air Force",F,04,Advanced component development and prototypes,63,0605164F,Air Refueling Capability Modernization,Y,"13,600",,"13,600",,,,,,,U
3600F,"Research, Development, Test and Evaluation, Air Force",F,04,Advanced component development and prototypes,64,0606004F,Nuclear Enterprise Research & Development,Y,,,,"94,782",,"94,782","1,105",,"1,105",U
3600F,"Research, Development, Test and Evaluation, Air Force",F,04,Advanced component development and prototypes,65,0606005F,Digital Transformation Office,Y,"19,227",,"19,227","73,478",,"73,478","183,398",,"183,398",U
3600F,"Research, Development, Test and Evaluation, Air Force",F,04,Advanced component development and prototypes,66,0207110F,F-47,Y,"2,341,899",,"2,341,899",,,,,,,U
3600F,"Research, Development, Test and Evaluation, Air Force",F,04,Advanced component development and prototypes,67,0207147F,Collaborative Combat Aircraft,Y,"688,492",,"688,492","150,574","676,750","827,324","1,373,740",,"1,373,740",U
3600F,"Research, Development, Test and Evaluation, Air Force",F,04,Advanced component development and prototypes,68,0207179F,Autonomous Collaborative Platforms,Y,"48,983",,"48,983","63,471",,"63,471","57,217",,"57,217",U
3600F,"Research, Development, Test and Evaluation, Air Force",F,04,Advanced component development and prototypes,69,0207420F,Combat Identification,Y,"1,844",,"1,844","1,689",,"1,689","1,692",,"1,692",U
3600F,"Research, Development, Test and Evaluation, Air Force",F,04,Advanced component development and prototypes,70,0207448F,C2ISR Tactical Data Link,Y,"3,383",,"3,383",,,,,,,U
3600F,"Research, Development, Test and Evaluation, Air Force",F,04,Advanced component development and prototypes,71,0207455F,Three Dimensional Long-Range Radar (3DELRR),Y,"7,809",,"7,809","12,677",,"12,677","22,335",,"22,335",U
3600F,"Research, Development, Test and Evaluation, Air Force",F,04,Advanced component development and prototypes,72,0207522F,Airbase Air Defense Systems (ABADS),Y,"19,273",,"19,273","15,666",,"15,666","85,305",,"85,305",U
3600F,"Research, Development, Test and Evaluation, Air Force",F,04,Advanced component development and prototypes,73,0207606F,Joint Simulation Environment (JSE),Y,"147,368",,"147,368","247,491",,"247,491","302,801",,"302,801",U
3600F,"Research, Development, Test and Evaluation, Air Force",F,04,Advanced component development and prototypes,74,0208030F,War Reserve Materiel - Ammunition,Y,"5,042",,"5,042","9,732",,"9,732","14,663",,"14,663",U
3600F,"Research, Development, Test and Evaluation, Air Force",F,04,Advanced component development and prototypes,75,0302060F,Looking Glass Next,Y,,,,,,,"65,277",,"65,277",U
3600F,"Research, Development, Test and Evaluation, Air Force",F,04,Advanced component development and prototypes,76,0303010F,AF ISR Digital Infrastructure,Y,"18,733",,"18,733","21,711",,"21,711","24,455",,"24,455",U
3600F,"Research, Development, Test and Evaluation, Air Force",F,04,Advanced component development and prototypes,77,0305236F,Common Data Link Executive Agent (CDL EA),Y,"33,349",,"33,349","32,511",,"32,511","26,401",,"26,401",U
3600F,"Research, Development, Test and Evaluation, Air Force",F,04,Advanced component development and prototypes,78,0305601F,Mission Partner Environments,Y,"17,765",,"17,765","36,755",,"36,755",,,,U
3600F,"Research, Development, Test and Evaluation, Air Force",F,04,Advanced component development and prototypes,79,0305913F,Persistent Surveillance,Y,,,,,,,"29,325",,"29,325",U
3600F,"Research, Development, Test and Evaluation, Air Force",F,04,Advanced component development and prototypes,80,0701200F,Enterprise Select Class II,Y,,,,986,,986,949,,949,U
3600F,"Research, Development, Test and Evaluation, Air Force",F,04,Advanced component development and prototypes,81,0708051F,Rapid Sustainment Modernization (RSM),Y,"48,361",,"48,361","45,918",,"45,918","27,475",,"27,475",U
3600F,"Research, Development, Test and Evaluation, Air Force",F,04,Advanced component development and prototypes,82,0808736F,Special Victim Accountability and Investigation,Y,"3,023",,"3,023","1,970",,"1,970","1,652",,"1,652",U
3600F,"Research, Development, Test and Evaluation, Air Force",F,04,Advanced component development and prototypes,83,0808737F,Integrated Primary Prevention,Y,"5,041",,"5,041","5,096",,"5,096","4,271",,"4,271",U
3600F,"Research, Development, Test and Evaluation, Air Force",F,04,Advanced component development and prototypes,84,0901410F,Contracting Information Technology System,Y,"28,088",,"28,088","28,876",,"28,876","25,815",,"25,815",U
3600F,"Research, Development, Test and Evaluation, Air Force",F,04,Advanced component development and prototypes,85,1206415F,U.S. Space Command Research and Development Support,Y,"23,553",,"23,553","33,205",,"33,205","34,719",,"34,719",U
3600F,"Research, Development, Test and Evaluation, Air Force",F,05,System development and demonstration,86,0604200F,Future Advanced Weapon Analysis & Programs,Y,"8,290",,"8,290","52,398","80,000","132,398","35,142",,"35,142",U
3600F,"Research, Development, Test and Evaluation, Air Force",F,05,System development and demonstration,87,0604201F,"PNT Resiliency, Mods, and Improvements",Y,"224,017",,"224,017","124,199",,"124,199","710,780",,"710,780",U
3600F,"Research, Development, Test and Evaluation, Air Force",F,05,System development and demonstration,88,0604222F,Nuclear Weapons Support,Y,"68,377",,"68,377","78,326",,"78,326","86,921",,"86,921",U
3600F,"Research, Development, Test and Evaluation, Air Force",F,05,System development and demonstration,89,0604270F,Electronic Warfare Development,Y,"13,648",,"13,648","18,971",,"18,971","260,233",,"260,233",U
3600F,"Research, Development, Test and Evaluation, Air Force",F,05,System development and demonstration,90,0604281F,Tactical Data Networks Enterprise,Y,"76,188",,"76,188","76,418",,"76,418","110,151",,"110,151",U
3600F,"Research, Development, Test and Evaluation, Air Force",F,05,System development and demonstration,91,0604287F,Physical Security Equipment,Y,"7,720",,"7,720","15,005",,"15,005","8,743",,"8,743",U
3600F,"Research, Development, Test and Evaluation, Air Force",F,05,System development and demonstration,92,0604288F,Survivable Airborne Operations Center (SAOC),Y,,,,"1,801,293","64,500","1,865,793","2,218,921",,"2,218,921",U
3600F,"Research, Development, Test and Evaluation, Air Force",F,05,System development and demonstration,93,0604602F,Armament/Ordnance Development,Y,"5,304",,"5,304","7,174",,"7,174","96,762",,"96,762",U
3600F,"Research, Development, Test and Evaluation, Air Force",F,05,System development and demonstration,94,0604604F,Submunitions,Y,"3,427",,"3,427","3,502",,"3,502","3,599",,"3,599",U
3600F,"Research, Development, Test and Evaluation, Air Force",F,05,System development and demonstration,95,0604617F,Agile Combat Support,Y,"22,977",,"22,977","23,235",,"23,235","19,348",,"19,348",U
3600F,"Research, Development, Test and Evaluation, Air Force",F,05,System development and demonstration,96,0604706F,Life Support Systems,Y,"23,741",,"23,741","20,302",,"20,302","21,328",,"21,328",U
3600F,"Research, Development, Test and Evaluation, Air Force",F,05,System development and demonstration,97,0604735F,Combat Training Ranges,Y,"154,258",,"154,258","147,587",,"147,587","132,783",,"132,783",U
3600F,"Research, Development, Test and Evaluation, Air Force",F,05,System development and demonstration,98,0604932F,Long Range Standoff Weapon,Y,"579,557",,"579,557","446,889",,"446,889","565,679",,"565,679",U
3600F,"Research, Development, Test and Evaluation, Air Force",F,05,System development and demonstration,99,0604933F,ICBM Fuze Modernization,Y,,,,"3,252",,"3,252",,,,U
3600F,"Research, Development, Test and Evaluation, Air Force",F,05,System development and demonstration,100,0605056F,Open Architecture Management,Y,"40,147",,"40,147","41,422",,"41,422","43,482",,"43,482",U
3600F,"Research, Development, Test and Evaluation, Air Force",F,05,System development and demonstration,101,0605223F,Advanced Pilot Training,Y,"240,513",,"240,513","163,138",,"163,138","72,174",,"72,174",U
3600F,"Research, Development, Test and Evaluation, Air Force",F,05,System development and demonstration,102,0605238F,Ground Based Strategic Deterrent EMD,Y,"1,942,400",,"1,942,400","2,616,352","2,189,000","4,805,352","4,521,370",,"4,521,370",U
3600F,"Research, Development, Test and Evaluation, Air Force",F,05,System development and demonstration,103,0605296F,Microelectronics Secure Enclave,Y,,,,"103,608",,"103,608","224,664",,"224,664",U
3600F,"Research, Development, Test and Evaluation, Air Force",F,05,System development and demonstration,104,0101125F,Nuclear Weapons Modernization,Y,,,,,,,"23,066",,"23,066",U
3600F,"Research, Development, Test and Evaluation, Air Force",F,05,System development and demonstration,105,0102417F,Over-the-Horizon Backscatter Radar,Y,"376,997",,"376,997",,,,"173,975",,"173,975",U
3600F,"Research, Development, Test and Evaluation, Air Force",F,05,System development and demonstration,106,0207039F,Cognitive Electromagnetic Warfare,Y,,,,"23,933",,"23,933","50,496",,"50,496",U
3600F,"Research, Development, Test and Evaluation, Air Force",F,05,System development and demonstration,107,0207110F,F-47,Y,,,,"3,053,053","400,000","3,453,053","5,037,904",,"5,037,904",U
3600F,"Research, Development, Test and Evaluation, Air Force",F,05,System development and demonstration,108,0207279F,Isolated Personnel Survivability and Recovery,Y,"9,757",,"9,757","53,948",,"53,948","16,001",,"16,001",U
3600F,"Research, Development, Test and Evaluation, Air Force",F,05,System development and demonstration,109,0207328F,Stand In Attack Weapon,Y,"319,559",,"319,559","252,062",,"252,062","115,882",,"115,882",U
3600F,"Research, Development, Test and Evaluation, Air Force",F,05,System development and demonstration,110,0207407F,Electromagnetic Battle Management (EMBM),Y,,,,"17,693",,"17,693","45,322",,"45,322",U
3600F,"Research, Development, Test and Evaluation, Air Force",F,05,System development and demonstration,111,0207701F,Full Combat Mission Training,Y,"7,636",,"7,636","10,276",,"10,276","6,501",,"6,501",U
3600F,"Research, Development, Test and Evaluation, Air Force",F,05,System development and demonstration,112,0303008F,SATURN,Y,,,,"4,917",,"4,917","4,771",,"4,771",U
3600F,"Research, Development, Test and Evaluation, Air Force",F,05,System development and demonstration,113,0303267F,Auctioned Spectrum Relocation Fund,Y,"9,695",,"9,695",,,,,,,U
3600F,"Research, Development, Test and Evaluation, Air Force",F,05,System development and demonstration,114,0303867F,AMBIT - Post-Auctioned SRF,Y,"19,453",,"19,453",,,,,,,U
3600F,"Research, Development, Test and Evaluation, Air Force",F,05,System development and demonstration,115,0305155F,Theater Nuclear Weapon Storage & Security System,Y,"1,936",,"1,936","19,777",,"19,777",,,,U
3600F,"Research, Development, Test and Evaluation, Air Force",F,05,System development and demonstration,116,0305282F,Joint Fires Network (JFN),Y,,,,,"311,432","311,432","313,982",,"313,982",U
3600F,"Research, Development, Test and Evaluation, Air Force",F,05,System development and demonstration,117,0401221F,KC-46A Tanker Squadrons,Y,"76,296",,"76,296","130,175",,"130,175","543,788",,"543,788",U
3600F,"Research, Development, Test and Evaluation, Air Force",F,05,System development and demonstration,118,0401319F,VC-25B,Y,"419,617",,"419,617","594,557",,"594,557","555,195",,"555,195",U
3600F,"Research, Development, Test and Evaluation, Air Force",F,05,System development and demonstration,119,0401334F,Large Aircraft Survivability Systems (LASS),Y,,,,,,,"17,996",,"17,996",U
3600F,"Research, Development, Test and Evaluation, Air Force",F,05,System development and demonstration,120,0701212F,Automated Test Systems,Y,"20,962",,"20,962","29,925",,"29,925","15,900",,"15,900",U
3600F,"Research, Development, Test and Evaluation, Air Force",F,05,System development and demonstration,121,0804772F,Training Developments,Y,"4,778",,"4,778","8,198",,"8,198","4,947",,"4,947",U
3600F,"Research, Development, Test and Evaluation, Air Force",F,05,System development and demonstration,122,1203176F,Combat Survivor Evader Locator,Y,983,,983,,,,,,,U
3600F,"Research, Development, Test and Evaluation, Air Force",F,06,Management support,123,0604256F,Threat Simulator Development,Y,"17,078",,"17,078","40,935",,"40,935","44,526",,"44,526",U
3600F,"Research, Development, Test and Evaluation, Air Force",F,06,Management support,124,0604759F,Major T&E Investment,Y,"65,962",,"65,962","157,959",,"157,959","235,405",,"235,405",U
3600F,"Research, Development, Test and Evaluation, Air Force",F,06,Management support,125,0605101F,RAND Project Air Force,Y,"38,270",,"38,270","31,961",,"31,961","13,312",,"13,312",U
3600F,"Research, Development, Test and Evaluation, Air Force",F,06,Management support,126,0605502F,Small Business Innovation Research,Y,"904,678",,"904,678",,,,,,,U
3600F,"Research, Development, Test and Evaluation, Air Force",F,06,Management support,127,0605712F,Initial Operational Test & Evaluation,Y,"14,247",,"14,247","13,681",,"13,681","13,562",,"13,562",U
3600F,"Research, Development, Test and Evaluation, Air Force",F,06,Management support,128,0605807F,Test and Evaluation Support,Y,"936,479",,"936,479","1,113,371",,"1,113,371","1,802,502",,"1,802,502",U
3600F,"Research, Development, Test and Evaluation, Air Force",F,06,Management support,129,0605827F,Acq Workforce- Global Vig & Combat Sys,Y,"339,924",,"339,924",,,,,,,U
3600F,"Research, Development, Test and Evaluation, Air Force",F,06,Management support,130,0605828F,Acq Workforce- Global Reach,Y,"516,240",,"516,240",,,,,,,U
3600F,"Research, Development, Test and Evaluation, Air Force",F,06,Management support,131,0605829F,"Acq Workforce- Cyber, Network, & Bus Sys",Y,"466,068",,"466,068","435,918",,"435,918","439,592",,"439,592",U
3600F,"Research, Development, Test and Evaluation, Air Force",F,06,Management support,132,0605831F,Acq Workforce- Capability Integration,Y,"305,394",,"305,394","1,153,165",,"1,153,165","1,206,669",,"1,206,669",U
3600F,"Research, Development, Test and Evaluation, Air Force",F,06,Management support,133,0605832F,Acq Workforce- Advanced Prgm Technology,Y,"68,182",,"68,182",,,,,,,U
3600F,"Research, Development, Test and Evaluation, Air Force",F,06,Management support,134,0605833F,Acq Workforce- Nuclear Systems,Y,"328,180",,"328,180","368,881",,"368,881","342,650",,"342,650",U
3600F,"Research, Development, Test and Evaluation, Air Force",F,06,Management support,135,0605898F,Management HQ - R&D,Y,"6,541",,"6,541","5,960",,"5,960","6,209",,"6,209",U
3600F,"Research, Development, Test and Evaluation, Air Force",F,06,Management support,136,0605976F,Facilities Restoration and Modernization - Test and Evaluation Support,Y,"94,828",,"94,828","199,363",,"199,363","367,369",,"367,369",U
3600F,"Research, Development, Test and Evaluation, Air Force",F,06,Management support,137,0605978F,Facilities Sustainment - Test and Evaluation Support,Y,"63,579",,"63,579","91,969",,"91,969","298,924",,"298,924",U
3600F,"Research, Development, Test and Evaluation, Air Force",F,06,Management support,138,0606017F,Requirements Analysis and Maturation,Y,"30,774",,"30,774","45,786",,"45,786","21,678",,"21,678",U
3600F,"Research, Development, Test and Evaluation, Air Force",F,06,Management support,139,0606398F,Management HQ - T&E,Y,"8,081",,"8,081","7,417",,"7,417","7,507",,"7,507",U
3600F,"Research, Development, Test and Evaluation, Air Force",F,06,Management support,140,0208201F,Offensive small Unmanned Aircraft Systems (sUAS),Y,,,,"4,917","12,000","16,917","30,187",,"30,187",U
3600F,"Research, Development, Test and Evaluation, Air Force",F,06,Management support,141,0303255F,"Command, Control, Communication, and Computers (C4) - STRATCOM",Y,"38,161",,"38,161","61,447",,"61,447","18,068",,"18,068",U
3600F,"Research, Development, Test and Evaluation, Air Force",F,06,Management support,142,0308602F,ENTEPRISE INFORMATION SERVICES (EIS),Y,"104,232",,"104,232","115,119",,"115,119","80,342",,"80,342",U
3600F,"Research, Development, Test and Evaluation, Air Force",F,06,Management support,143,0702806F,Acquisition and Management Support,Y,"19,823",,"19,823","25,359",,"25,359","12,132",,"12,132",U
3600F,"Research, Development, Test and Evaluation, Air Force",F,06,Management support,144,0804776F,Advanced Distributed Learning,Y,797,,797,"1,675",,"1,675",238,,238,U
3600F,"Research, Development, Test and Evaluation, Air Force",F,06,Management support,145,0901215F,Productivity Investments,Y,,,,,,,"4,017",,"4,017",U
3600F,"Research, Development, Test and Evaluation, Air Force",F,06,Management support,146,0909999F,Financing for Cancelled Account Adjustments,Y,787,,787,,,,,,,U
3600F,"Research, Development, Test and Evaluation, Air Force",F,06,Management support,147,1001004F,International Activities,Y,"4,098",,"4,098","4,368",,"4,368","4,514",,"4,514",U
3600F,"Research, Development, Test and Evaluation, Air Force",F,07,Operational system development,148,0604222F,Nuclear Weapons Support,Y,,,,,,,"10,029",,"10,029",U
3600F,"Research, Development, Test and Evaluation, Air Force",F,07,Operational system development,149,0604233F,Specialized Undergraduate Flight Training,Y,"29,132",,"29,132","56,373",,"56,373","22,071",,"22,071",U
3600F,"Research, Development, Test and Evaluation, Air Force",F,07,Operational system development,150,0604283F,Battle Mgmt Com & Ctrl Sensor Development,Y,"66,717",,"66,717","47,298",,"47,298","44,187",,"44,187",U
3600F,"Research, Development, Test and Evaluation, Air Force",F,07,Operational system development,151,0604445F,Wide Area Surveillance,Y,"20,722",,"20,722",,,,,,,U
3600F,"Research, Development, Test and Evaluation, Air Force",F,07,Operational system development,152,0604840F,F-35 C2D2,Y,"1,099,328",,"1,099,328","960,621",,"960,621","1,128,748","939,586","2,068,334",U
3600F,"Research, Development, Test and Evaluation, Air Force",F,07,Operational system development,153,0605018F,AF Integrated Personnel and Pay System (AF-IPPS),Y,"48,523",,"48,523","63,172",,"63,172","31,777",,"31,777",U
3600F,"Research, Development, Test and Evaluation, Air Force",F,07,Operational system development,154,0605024F,Anti-Tamper Technology Executive Agency,Y,"65,434",,"65,434","62,803",,"62,803","130,610",,"130,610",U
3600F,"Research, Development, Test and Evaluation, Air Force",F,07,Operational system development,155,0605117F,Foreign Materiel Acquisition and Exploitation,Y,"123,775",,"123,775",,,,"4,676",,"4,676",U
3600F,"Research, Development, Test and Evaluation, Air Force",F,07,Operational system development,156,0605229F,HH-60W,Y,"31,646",,"31,646","40,474",,"40,474","87,881",,"87,881",U
3600F,"Research, Development, Test and Evaluation, Air Force",F,07,Operational system development,157,0605278F,HC/MC-130 Recap RDT&E,Y,"43,597",,"43,597","77,079",,"77,079","34,932",,"34,932",U
3600F,"Research, Development, Test and Evaluation, Air Force",F,07,Operational system development,158,0606018F,NC3 Integration,Y,"21,289",,"21,289","39,599",,"39,599","36,521",,"36,521",U
3600F,"Research, Development, Test and Evaluation, Air Force",F,07,Operational system development,159,0101113F,B-52 Squadrons,Y,"1,019,125",,"1,019,125","888,158",,"888,158","1,478,648","101,100","1,579,748",U
3600F,"Research, Development, Test and Evaluation, Air Force",F,07,Operational system development,160,0101122F,Air-Launched Cruise Missile (ALCM),Y,527,,527,555,,555,570,,570,U
3600F,"Research, Development, Test and Evaluation, Air Force",F,07,Operational system development,161,0101126F,B-1B Squadrons,Y,"17,316",,"17,316","150,566",,"150,566","273,552",,"273,552",U
3600F,"Research, Development, Test and Evaluation, Air Force",F,07,Operational system development,162,0101127F,B-2 Squadrons,Y,"44,020",,"44,020","72,351",,"72,351","418,178",,"418,178",U
3600F,"Research, Development, Test and Evaluation, Air Force",F,07,Operational system development,163,0101213F,Minuteman Squadrons,Y,"57,201",,"57,201","69,110",,"69,110","79,313",,"79,313",U
3600F,"Research, Development, Test and Evaluation, Air Force",F,07,Operational system development,164,0101316F,Worldwide Joint Strategic Communications,Y,"13,268",,"13,268","13,364",,"13,364","44,424",,"44,424",U
3600F,"Research, Development, Test and Evaluation, Air Force",F,07,Operational system development,165,0101318F,Service Support to STRATCOM - Global Strike,Y,"7,062",,"7,062","6,833",,"6,833","56,203",,"56,203",U
3600F,"Research, Development, Test and Evaluation, Air Force",F,07,Operational system development,166,0101328F,ICBM Reentry Vehicles,Y,"378,983",,"378,983","256,758","100,000","356,758","733,182",,"733,182",U
3600F,"Research, Development, Test and Evaluation, Air Force",F,07,Operational system development,168,0102110F,MH-139A,Y,"14,679",,"14,679","5,900",,"5,900","7,046",,"7,046",U
3600F,"Research, Development, Test and Evaluation, Air Force",F,07,Operational system development,169,0102326F,Region/Sector Operation Control Center Modernization Program,Y,839,,839,722,,722,709,,709,U
3600F,"Research, Development, Test and Evaluation, Air Force",F,07,Operational system development,170,0102417F,Over-the-Horizon Backscatter Radar,Y,,,,"130,401",,"130,401",,,,U
3600F,"Research, Development, Test and Evaluation, Air Force",F,07,Operational system development,171,0202834F,Aviation Support Equipment  - General,Y,"6,097",,"6,097","10,733",,"10,733","1,028",,"1,028",U
3600F,"Research, Development, Test and Evaluation, Air Force",F,07,Operational system development,172,0203345F,Operations Security (OPSEC),Y,,,,,,,"45,000",,"45,000",U
3600F,"Research, Development, Test and Evaluation, Air Force",F,07,Operational system development,173,0205219F,MQ-9 UAV,Y,"6,841",,"6,841","32,600",,"32,600","16,723",,"16,723",U
3600F,"Research, Development, Test and Evaluation, Air Force",F,07,Operational system development,174,0205671F,Joint Counter RCIED Electronic Warfare,Y,"3,325",,"3,325","3,382",,"3,382","2,816",,"2,816",U
3600F,"Research, Development, Test and Evaluation, Air Force",F,07,Operational system development,175,0207040F,Multi-Platform Electronic Warfare Equipment,Y,,,,"7,000",,"7,000",,,,U
3600F,"Research, Development, Test and Evaluation, Air Force",F,07,Operational system development,176,0207133F,F-16 Squadrons,Y,"107,714",,"107,714","229,857","82,500","312,357","527,739",,"527,739",U
3600F,"Research, Development, Test and Evaluation, Air Force",F,07,Operational system development,177,0207134F,F-15E Squadrons,Y,"138,345",,"138,345","229,946",,"229,946","322,889",,"322,889",U
3600F,"Research, Development, Test and Evaluation, Air Force",F,07,Operational system development,178,0207136F,Manned Destructive Suppression,Y,"12,119",,"12,119","15,309",,"15,309","8,128",,"8,128",U
3600F,"Research, Development, Test and Evaluation, Air Force",F,07,Operational system development,179,0207138F,F-22A Squadrons,Y,"733,581",,"733,581","813,987",,"813,987","950,375",,"950,375",U
3600F,"Research, Development, Test and Evaluation, Air Force",F,07,Operational system development,180,0207142F,F-35 Squadrons,Y,"45,444",,"45,444","32,203",,"32,203","47,388",,"47,388",U
3600F,"Research, Development, Test and Evaluation, Air Force",F,07,Operational system development,181,0207146F,F-15EX,Y,"54,875",,"54,875","117,715","40,000","157,715","133,274",,"133,274",U
3600F,"Research, Development, Test and Evaluation, Air Force",F,07,Operational system development,182,0207161F,Tactical AIM Missiles,Y,"33,701",,"33,701","85,449",,"85,449","98,861",,"98,861",U
3600F,"Research, Development, Test and Evaluation, Air Force",F,07,Operational system development,183,0207163F,Advanced Medium Range Air-to-Air Missile (AMRAAM),Y,"51,898",,"51,898","50,539",,"50,539","53,277",,"53,277",U
3600F,"Research, Development, Test and Evaluation, Air Force",F,07,Operational system development,184,0207172F,Joint Advanced Tactical Missile (JATM),Y,,,,"420,110",,"420,110","500,422",,"500,422",U
3600F,"Research, Development, Test and Evaluation, Air Force",F,07,Operational system development,185,0207227F,Combat Rescue - Pararescue,Y,743,,743,,,,,,,U
3600F,"Research, Development, Test and Evaluation, Air Force",F,07,Operational system development,186,0207238F,E-11A,Y,"29,669",,"29,669","15,035",,"15,035",,,,U
3600F,"Research, Development, Test and Evaluation, Air Force",F,07,Operational system development,187,0207242F,Special Program Applications,Y,,,,,,,"35,149",,"35,149",U
3600F,"Research, Development, Test and Evaluation, Air Force",F,07,Operational system development,188,0207247F,AF TENCAP,Y,"50,263",,"50,263","52,492",,"52,492","50,913",,"50,913",U
3600F,"Research, Development, Test and Evaluation, Air Force",F,07,Operational system development,189,0207249F,Precision Attack Systems Procurement,Y,"9,106",,"9,106","13,429",,"13,429","14,602",,"14,602",U
3600F,"Research, Development, Test and Evaluation, Air Force",F,07,Operational system development,190,0207253F,Compass Call,Y,"115,978",,"115,978",,"90,241","90,241","66,514",,"66,514",U
3600F,"Research, Development, Test and Evaluation, Air Force",F,07,Operational system development,191,0207268F,Aircraft Engine Component Improvement Program,Y,"58,429",,"58,429","64,073",,"64,073","205,938",,"205,938",U
3600F,"Research, Development, Test and Evaluation, Air Force",F,07,Operational system development,192,0207325F,Joint Air-to-Surface Standoff Missile (JASSM),Y,"190,710",,"190,710","226,116","200,000","426,116","133,092",,"133,092",U
3600F,"Research, Development, Test and Evaluation, Air Force",F,07,Operational system development,193,0207327F,Small Diameter Bomb (SDB),Y,"29,047",,"29,047","24,575",,"24,575","25,497",,"25,497",U
3600F,"Research, Development, Test and Evaluation, Air Force",F,07,Operational system development,194,0207410F,Air & Space Operations Center (AOC),Y,"63,091",,"63,091","99,217",,"99,217","158,871",,"158,871",U
3600F,"Research, Development, Test and Evaluation, Air Force",F,07,Operational system development,195,0207412F,Control and Reporting Center (CRC),Y,"16,441",,"16,441","17,407",,"17,407","18,137",,"18,137",U
3600F,"Research, Development, Test and Evaluation, Air Force",F,07,Operational system development,196,0207418F,AFSPECWAR - TACP,Y,"1,380",,"1,380",,,,"5,206",,"5,206",U
3600F,"Research, Development, Test and Evaluation, Air Force",F,07,Operational system development,198,0207431F,Combat Air Intelligence System Activities,Y,"25,049",,"25,049","35,646",,"35,646","33,700",,"33,700",U
3600F,"Research, Development, Test and Evaluation, Air Force",F,07,Operational system development,199,0207438F,Theater Battle Management (TBM) C4I,Y,"4,249",,"4,249","6,698",,"6,698","7,014",,"7,014",U
3600F,"Research, Development, Test and Evaluation, Air Force",F,07,Operational system development,200,0207439F,Electromagnetic Warfare Int Reprog (EWIR),Y,"13,081",,"13,081","38,639",,"38,639","73,523",,"73,523",U
3600F,"Research, Development, Test and Evaluation, Air Force",F,07,Operational system development,201,0207444F,Tactical Air Control Party-Mod,Y,"11,816",,"11,816",,,,,,,U
3600F,"Research, Development, Test and Evaluation, Air Force",F,07,Operational system development,202,0207452F,DCAPES,Y,"8,154",,"8,154","8,390",,"8,390","5,254",,"5,254",U
3600F,"Research, Development, Test and Evaluation, Air Force",F,07,Operational system development,203,0207457F,Air Force Special Warfare (SPECWAR),Y,,,,"27,149",,"27,149","24,423",,"24,423",U
3600F,"Research, Development, Test and Evaluation, Air Force",F,07,Operational system development,204,0207461F,Flight Operations Systems,Y,,,,,,,"15,978",,"15,978",U
3600F,"Research, Development, Test and Evaluation, Air Force",F,07,Operational system development,205,0207521F,Air Force Calibration Programs,Y,"2,213",,"2,213","2,242",,"2,242","2,220",,"2,220",U
3600F,"Research, Development, Test and Evaluation, Air Force",F,07,Operational system development,206,0207573F,National Technical Nuclear Forensics,Y,"1,984",,"1,984",,,,,,,U
3600F,"Research, Development, Test and Evaluation, Air Force",F,07,Operational system development,207,0207590F,Seek Eagle,Y,"34,982",,"34,982","33,706",,"33,706","36,710",,"36,710",U
3600F,"Research, Development, Test and Evaluation, Air Force",F,07,Operational system development,208,0207611F,Readiness Decision Support Enterprise,Y,,,,"8,758",,"8,758","6,823",,"6,823",U
3600F,"Research, Development, Test and Evaluation, Air Force",F,07,Operational system development,209,0207697F,Distributed Training and Exercises,Y,"3,826",,"3,826","4,342","10,000","14,342","83,659",,"83,659",U
3600F,"Research, Development, Test and Evaluation, Air Force",F,07,Operational system development,210,0207701F,Full Combat Mission Training,Y,"3,808",,"3,808","7,985",,"7,985","6,644",,"6,644",U
3600F,"Research, Development, Test and Evaluation, Air Force",F,07,Operational system development,211,0208006F,Mission Planning Systems,Y,"78,113",,"78,113","123,103",,"123,103","122,175",,"122,175",U
3600F,"Research, Development, Test and Evaluation, Air Force",F,07,Operational system development,212,0208007F,Tactical Deception,Y,519,,519,"13,523",,"13,523","48,857",,"48,857",U
3600F,"Research, Development, Test and Evaluation, Air Force",F,07,Operational system development,213,0208087F,Distributed Cyber Warfare Operations,Y,"28,792",,"28,792","30,893",,"30,893","71,868",,"71,868",U
3600F,"Research, Development, Test and Evaluation, Air Force",F,07,Operational system development,214,0208088F,AF Defensive Cyberspace Operations,Y,"83,231",,"83,231","121,433",,"121,433","76,758",,"76,758",U
3600F,"Research, Development, Test and Evaluation, Air Force",F,07,Operational system development,218,0208288F,Intel Data Applications,Y,988,,988,"1,012",,"1,012","7,511",,"7,511",U
3600F,"Research, Development, Test and Evaluation, Air Force",F,07,Operational system development,219,0301025F,GeoBase,Y,,,,985,,985,403,,403,U
3600F,"Research, Development, Test and Evaluation, Air Force",F,07,Operational system development,220,0301113F,Cyber Security Intelligence Support,Y,"18,141",,"18,141","14,749",,"14,749",,,,U
3600F,"Research, Development, Test and Evaluation, Air Force",F,07,Operational system development,226,0301377F,Countering Advanced Conventional Weapons (CACW),Y,834,,834,"1,117",,"1,117","1,343",,"1,343",U
3600F,"Research, Development, Test and Evaluation, Air Force",F,07,Operational system development,228,0301401F,AF Multi-Domain Non-Traditional ISR Battlespace Awareness,Y,"3,006",,"3,006","2,987",,"2,987","2,754",,"2,754",U
3600F,"Research, Development, Test and Evaluation, Air Force",F,07,Operational system development,229,0302015F,E-4B National Airborne Operations Center (NAOC),Y,"52,362",,"52,362","55,095",,"55,095","50,873",,"50,873",U
3600F,"Research, Development, Test and Evaluation, Air Force",F,07,Operational system development,230,0302315F,Non-Kinetic Countermeasure Support,Y,"7,590",,"7,590","7,006",,"7,006","4,024",,"4,024",U
3600F,"Research, Development, Test and Evaluation, Air Force",F,07,Operational system development,231,0303004F,EIT CONNECT,Y,"15,531",,"15,531",,,,,,,U
3600F,"Research, Development, Test and Evaluation, Air Force",F,07,Operational system development,232,0303089F,Cyberspace and DoDIN Operations,Y,"9,432",,"9,432","9,955",,"9,955",,,,U
3600F,"Research, Development, Test and Evaluation, Air Force",F,07,Operational system development,233,0303131F,Minimum Essential Emergency Communications Network (MEECN),Y,"24,763",,"24,763","98,548",,"98,548","254,837",,"254,837",U
3600F,"Research, Development, Test and Evaluation, Air Force",F,07,Operational system development,234,0303133F,High Frequency Radio Systems,Y,"8,423",,"8,423","19,709",,"19,709","33,215",,"33,215",U
3600F,"Research, Development, Test and Evaluation, Air Force",F,07,Operational system development,235,0303140F,Information Systems Security Program,Y,"91,663","6,487","98,150","101,551",,"101,551","117,658",,"117,658",U
3600F,"Research, Development, Test and Evaluation, Air Force",F,07,Operational system development,236,0303248F,All Domain Common Platform,Y,"86,301",,"86,301","75,711",,"75,711","71,312",,"71,312",U
3600F,"Research, Development, Test and Evaluation, Air Force",F,07,Operational system development,237,0303260F,Joint Military Deception Initiative,Y,"6,557",,"6,557",351,,351,,,,U
3600F,"Research, Development, Test and Evaluation, Air Force",F,07,Operational system development,238,0304100F,Strategic Mission Planning & Execution System (SMPES),Y,"67,385",,"67,385","74,236",,"74,236","89,663",,"89,663",U
3600F,"Research, Development, Test and Evaluation, Air Force",F,07,Operational system development,239,0304109F,THRESHER,Y,,,,103,,103,109,,109,U
3600F,"Research, Development, Test and Evaluation, Air Force",F,07,Operational system development,242,0304260F,Airborne SIGINT Enterprise,Y,"92,473",,"92,473","98,650",,"98,650","98,319",,"98,319",U
3600F,"Research, Development, Test and Evaluation, Air Force",F,07,Operational system development,243,0304310F,Commercial Economic Analysis,Y,"4,546",,"4,546","4,070",,"4,070","1,713",,"1,713",U
3600F,"Research, Development, Test and Evaluation, Air Force",F,07,Operational system development,246,0304784F,Long Endurance - Airborne ISR,Y,,,,,"23,000","23,000","16,570",,"16,570",U
3600F,"Research, Development, Test and Evaluation, Air Force",F,07,Operational system development,247,0305015F,C2 Air Operations Suite - C2 Info Services,Y,"15,742",,"15,742",,,,,,,U
3600F,"Research, Development, Test and Evaluation, Air Force",F,07,Operational system development,248,0305020F,CCMD Intelligence Information Technology,Y,"1,836",,"1,836","1,547",,"1,547",,,,U
3600F,"Research, Development, Test and Evaluation, Air Force",F,07,Operational system development,249,0305022F,ISR Modernization & Automation Dvmt (IMAD),Y,"19,409",,"19,409","22,237",,"22,237","16,188",,"16,188",U
3600F,"Research, Development, Test and Evaluation, Air Force",F,07,Operational system development,250,0305099F,Global Air Traffic Management (GATM),Y,"4,505",,"4,505","4,222",,"4,222","4,210",,"4,210",U
3600F,"Research, Development, Test and Evaluation, Air Force",F,07,Operational system development,251,0305103F,Cyber Security Initiative,Y,292,,292,305,,305,318,,318,U
3600F,"Research, Development, Test and Evaluation, Air Force",F,07,Operational system development,252,0305111F,Weather Service,Y,"39,438",,"39,438","50,129",,"50,129","29,331",,"29,331",U
3600F,"Research, Development, Test and Evaluation, Air Force",F,07,Operational system development,253,0305114F,"Air Traffic Control, Approach, and Landing System (ATCALS)",Y,"14,689",,"14,689","27,064",,"27,064","61,895",,"61,895",U
3600F,"Research, Development, Test and Evaluation, Air Force",F,07,Operational system development,254,0305116F,Aerial Targets,Y,"5,870",,"5,870","5,011",,"5,011","1,704",,"1,704",U
3600F,"Research, Development, Test and Evaluation, Air Force",F,07,Operational system development,257,0305128F,Security and Investigative Activities,Y,463,,463,"7,855",,"7,855","9,642",,"9,642",U
3600F,"Research, Development, Test and Evaluation, Air Force",F,07,Operational system development,258,0305146F,Defense Joint Counterintelligence Activities,Y,"6,387",,"6,387","6,524",,"6,524","2,469",,"2,469",U
3600F,"Research, Development, Test and Evaluation, Air Force",F,07,Operational system development,259,0305155F,Theater Nuclear Weapon Storage & Security System,Y,,,,,,,"24,364",,"24,364",U
3600F,"Research, Development, Test and Evaluation, Air Force",F,07,Operational system development,260,0305158F,Tactical Terminal,Y,482,,482,"1,084",,"1,084",,,,U
3600F,"Research, Development, Test and Evaluation, Air Force",F,07,Operational system development,261,0305179F,Integrated Broadcast Service (IBS),Y,"15,006",,"15,006","19,085",,"19,085","18,266",,"18,266",U
3600F,"Research, Development, Test and Evaluation, Air Force",F,07,Operational system development,262,0305206F,Airborne Reconnaissance Systems,Y,"115,637",,"115,637","65,432",,"65,432","34,273",,"34,273",U
3600F,"Research, Development, Test and Evaluation, Air Force",F,07,Operational system development,263,0305207F,Manned Reconnaissance Systems,Y,"18,323",,"18,323","28,733",,"28,733","17,114",,"17,114",U
3600F,"Research, Development, Test and Evaluation, Air Force",F,07,Operational system development,264,0305208F,Distributed Common Ground/Surface Systems,Y,"99,749",,"99,749","81,033",,"81,033","85,365",,"85,365",U
3600F,"Research, Development, Test and Evaluation, Air Force",F,07,Operational system development,265,0305220F,RQ-4 UAV,Y,"6,171",,"6,171",,,,,,,U
3600F,"Research, Development, Test and Evaluation, Air Force",F,07,Operational system development,266,0305221F,Network-Centric Collaborative Targeting,Y,"9,952",,"9,952","12,019",,"12,019","9,146",,"9,146",U
3600F,"Research, Development, Test and Evaluation, Air Force",F,07,Operational system development,267,0305238F,NATO AGS,Y,865,,865,816,,816,,,,U
3600F,"Research, Development, Test and Evaluation, Air Force",F,07,Operational system development,268,0305240F,ISR Transport and Processing,Y,"33,432",,"33,432","32,578",,"32,578","312,037",,"312,037",U
3600F,"Research, Development, Test and Evaluation, Air Force",F,07,Operational system development,269,0305249F,AF JWICS Enterprise,Y,"9,445",,"9,445","13,404",,"13,404","19,324",,"19,324",U
3600F,"Research, Development, Test and Evaluation, Air Force",F,07,Operational system development,270,0305600F,International Intelligence Technology and Architectures,Y,"17,784",,"17,784","18,946",,"18,946","62,000",,"62,000",U
3600F,"Research, Development, Test and Evaluation, Air Force",F,07,Operational system development,271,0305836F,C2IMERA,Y,,,,"13,690",,"13,690","11,393",,"11,393",U
3600F,"Research, Development, Test and Evaluation, Air Force",F,07,Operational system development,272,0305903F,COCOM Mobile Command and Control Centers (MCCCs),Y,,,,"3,961",,"3,961","2,013",,"2,013",U
3600F,"Research, Development, Test and Evaluation, Air Force",F,07,Operational system development,273,0305984F,Personnel Recovery Command & Ctrl (PRC2),Y,"3,272",,"3,272","2,851",,"2,851","1,783",,"1,783",U
3600F,"Research, Development, Test and Evaluation, Air Force",F,07,Operational system development,274,0307577F,Intelligence Mission Data (IMD),Y,"3,658",,"3,658","18,000",,"18,000","3,151",,"3,151",U
3600F,"Research, Development, Test and Evaluation, Air Force",F,07,Operational system development,275,0401119F,C-5 Airlift Squadrons (IF),Y,"25,825",,"25,825","33,320",,"33,320","76,233",,"76,233",U
3600F,"Research, Development, Test and Evaluation, Air Force",F,07,Operational system development,276,0401130F,C-17 Aircraft (IF),Y,"11,874",,"11,874","103,465","4,410","107,875","178,130",,"178,130",U
3600F,"Research, Development, Test and Evaluation, Air Force",F,07,Operational system development,277,0401132F,C-130J Program,Y,"34,261",,"34,261","18,684",,"18,684","16,628",,"16,628",U
3600F,"Research, Development, Test and Evaluation, Air Force",F,07,Operational system development,278,0401134F,Large Aircraft IR Countermeasures (LAIRCM),Y,"7,484",,"7,484","40,955",,"40,955","12,323",,"12,323",U
3600F,"Research, Development, Test and Evaluation, Air Force",F,07,Operational system development,279,0401218F,KC-135s,Y,"9,678",,"9,678",,"43,000","43,000","121,742",,"121,742",U
3600F,"Research, Development, Test and Evaluation, Air Force",F,07,Operational system development,280,0401318F,CV-22,Y,"25,549",,"25,549","31,544",,"31,544","45,699",,"45,699",U
3600F,"Research, Development, Test and Evaluation, Air Force",F,07,Operational system development,281,0401334F,Large Aircraft Survivability Systems (LASS),Y,,,,,,,"50,111",,"50,111",U
3600F,"Research, Development, Test and Evaluation, Air Force",F,07,Operational system development,282,0408011F,Special Tactics / Combat Control,Y,"9,146",,"9,146","28,200","10,000","38,200",,,,U
3600F,"Research, Development, Test and Evaluation, Air Force",F,07,Operational system development,283,0708610F,Logistics Information Technology (LOGIT),Y,"11,665",,"11,665","18,326",,"18,326","21,518",,"21,518",U
3600F,"Research, Development, Test and Evaluation, Air Force",F,07,Operational system development,284,0801380F,AF LVC Operational Training (LVC-OT),Y,"23,987",,"23,987","33,478",,"33,478","23,472",,"23,472",U
3600F,"Research, Development, Test and Evaluation, Air Force",F,07,Operational system development,285,0804743F,Other Flight Training,Y,"1,116",,"1,116","2,338",,"2,338","1,950",,"1,950",U
3600F,"Research, Development, Test and Evaluation, Air Force",F,07,Operational system development,286,0901202F,Joint Personnel Recovery Agency,Y,"2,235",,"2,235","2,051",,"2,051","2,035",,"2,035",U
3600F,"Research, Development, Test and Evaluation, Air Force",F,07,Operational system development,287,0901218F,Civilian Compensation Program,Y,"4,267",,"4,267","4,355",,"4,355","4,248",,"4,248",U
3600F,"Research, Development, Test and Evaluation, Air Force",F,07,Operational system development,288,0901220F,Personnel Administration,Y,"3,557",,"3,557","2,728",,"2,728","2,678",,"2,678",U
3600F,"Research, Development, Test and Evaluation, Air Force",F,07,Operational system development,289,0901226F,Air Force Studies and Analysis Agency,Y,"9,578",,"9,578","14,559",,"14,559","81,252",,"81,252",U
3600F,"Research, Development, Test and Evaluation, Air Force",F,07,Operational system development,290,0901231F,Counterdrug Support - HQ USAF,Y,"4,789",,"4,789",,,,,,,U
3600F,"Research, Development, Test and Evaluation, Air Force",F,07,Operational system development,291,0901538F,Financial Management Information Systems Development,Y,"5,428",,"5,428","3,927",,"3,927","3,316",,"3,316",U
3600F,"Research, Development, Test and Evaluation, Air Force",F,07,Operational system development,292,0901554F,Defense Enterprise Acntng and Mgt Sys (DEAMS),Y,"55,836",,"55,836","38,408","20,000","58,408","38,301",,"38,301",U
3600F,"Research, Development, Test and Evaluation, Air Force",F,07,Operational system development,293,1201921F,Service Support to STRATCOM - Space Activities,Y,,,,330,,330,700,,700,U
3600F,"Research, Development, Test and Evaluation, Air Force",,07,Operational system development,999,9999999999,Classified Programs,Y,"18,258,364",,"18,258,364","18,003,033","1,378,393","19,381,426","29,113,107",,"29,113,107",U
3620F,"Research, Development, Test, and Evaluation, Space Force",F,01,Basic research,1,0601102SF,Defense Research Sciences,Y,"19,949",,"19,949","21,999",,"21,999","20,833",,"20,833",U
3620F,"Research, Development, Test, and Evaluation, Space Force",F,01,Basic research,2,0601103SF,University Research Initiatives,Y,"13,604",,"13,604","14,330",,"14,330","14,426",,"14,426",U
3620F,"Research, Development, Test, and Evaluation, Space Force",F,02,Applied research,3,1202212SF,Defense Laboratories R&D Projects,Y,"18,701",,"18,701",,,,,,,U
3620F,"Research, Development, Test, and Evaluation, Space Force",F,02,Applied research,4,1206601SF,Space Technology,Y,"242,170",,"242,170","276,981",,"276,981","234,190",,"234,190",U
3620F,"Research, Development, Test, and Evaluation, Space Force",F,03,Advanced technology development,5,1206310SF,Space Science and Technology Research and Development,Y,"440,701",,"440,701","495,523",,"495,523","313,738",,"313,738",U
3620F,"Research, Development, Test, and Evaluation, Space Force",F,03,Advanced technology development,6,1206616SF,Space Advanced Technology Development/Demo,Y,"245,989",,"245,989","155,341",,"155,341","126,427",,"126,427",U
3620F,"Research, Development, Test, and Evaluation, Space Force",F,04,Advanced component development and prototypes,7,0604002SF,Space Force Weather Services Research,Y,836,,836,843,,843,"3,581",,"3,581",U
3620F,"Research, Development, Test, and Evaluation, Space Force",F,04,Advanced component development and prototypes,8,1203010SF,"Space Force IT, Data Analytics, Digital Solutions",Y,"83,798",,"83,798","99,570",,"99,570","45,971",,"45,971",U
3620F,"Research, Development, Test, and Evaluation, Space Force",F,04,Advanced component development and prototypes,9,1203164SF,NAVSTAR Global Positioning System (User Equipment) (SPACE),Y,"260,198",,"260,198","152,003",,"152,003",,,,U
3620F,"Research, Development, Test, and Evaluation, Space Force",F,04,Advanced component development and prototypes,10,1203622SF,Space Warfighting Analysis,Y,"123,208",,"123,208","124,409",,"124,409","128,546",,"128,546",U
3620F,"Research, Development, Test, and Evaluation, Space Force",F,04,Advanced component development and prototypes,11,1203710SF,EO/IR Weather Systems,Y,"66,967",,"66,967","69,777",,"69,777","144,434",,"144,434",U
3620F,"Research, Development, Test, and Evaluation, Space Force",F,04,Advanced component development and prototypes,12,1203955SF,"Space Access, Mobility & Logistics (SAML)",Y,"23,158",,"23,158","29,278",,"29,278","9,724",,"9,724",U
3620F,"Research, Development, Test, and Evaluation, Space Force",F,04,Advanced component development and prototypes,13,1206410SF,Space Technology Development and Prototyping,Y,"1,551,293",,"1,551,293","1,226,643",,"1,226,643","1,246,316",,"1,246,316",U
3620F,"Research, Development, Test, and Evaluation, Space Force",F,04,Advanced component development and prototypes,14,1206427SF,Space Systems Prototype Transitions (SSPT),Y,"112,132",,"112,132","106,869",,"106,869","87,730",,"87,730",U
3620F,"Research, Development, Test, and Evaluation, Space Force",F,04,Advanced component development and prototypes,15,1206438SF,Space Control Technology,Y,"60,027",,"60,027","59,148","9,010","68,158","62,031",,"62,031",U
3620F,"Research, Development, Test, and Evaluation, Space Force",F,04,Advanced component development and prototypes,16,1206458SF,Tech Transition (Space),Y,"196,537",,"196,537","313,678",,"313,678","241,056",,"241,056",U
3620F,"Research, Development, Test, and Evaluation, Space Force",F,04,Advanced component development and prototypes,17,1206617SF,Operational Test & Training Infrastructure,Y,,,,,,,"265,215",,"265,215",U
3620F,"Research, Development, Test, and Evaluation, Space Force",F,04,Advanced component development and prototypes,18,1206730SF,Space Security and Defense Program,Y,"53,199",,"53,199","45,200",,"45,200","102,140",,"102,140",U
3620F,"Research, Development, Test, and Evaluation, Space Force",F,04,Advanced component development and prototypes,19,1206760SF,Protected Tactical Enterprise Service (PTES),Y,"74,849",,"74,849","96,615",,"96,615","155,885",,"155,885",U
3620F,"Research, Development, Test, and Evaluation, Space Force",F,04,Advanced component development and prototypes,20,1206761SF,Protected Tactical Service (PTS),Y,"390,585",,"390,585","428,697",,"428,697","449,434",,"449,434",U
3620F,"Research, Development, Test, and Evaluation, Space Force",F,04,Advanced component development and prototypes,21,1206855SF,Evolved Strategic SATCOM (ESS),Y,"876,055",,"876,055","1,111,595",,"1,111,595",,,,U
3620F,"Research, Development, Test, and Evaluation, Space Force",F,04,Advanced component development and prototypes,22,1206857SF,Space Rapid Capabilities Office,Y,"104,661",,"104,661","15,582",,"15,582","9,950",,"9,950",U
3620F,"Research, Development, Test, and Evaluation, Space Force",F,04,Advanced component development and prototypes,23,1206862SF,Tactically Responsive Space,Y,"43,635",,"43,635","29,800","135,000","164,800","86,306",,"86,306",U
3620F,"Research, Development, Test, and Evaluation, Space Force",F,05,System development and demonstration,24,1203269SF,GPS III Follow-On (GPS IIIF),Y,"233,109",,"233,109","196,152",,"196,152","123,793",,"123,793",U
3620F,"Research, Development, Test, and Evaluation, Space Force",F,05,System development and demonstration,25,1206421SF,Counterspace Systems,Y,"33,776",,"33,776","30,820",,"30,820","43,702",,"43,702",U
3620F,"Research, Development, Test, and Evaluation, Space Force",F,05,System development and demonstration,26,1206422SF,Weather System Follow-on,Y,"47,488",,"47,488","37,925",,"37,925","34,756",,"34,756",U
3620F,"Research, Development, Test, and Evaluation, Space Force",F,05,System development and demonstration,27,1206425SF,Space Situation Awareness Systems,Y,"444,500",,"444,500",,"528,000","528,000","1,317,841",,"1,317,841",U
3620F,"Research, Development, Test, and Evaluation, Space Force",F,05,System development and demonstration,28,1206431SF,Advanced EHF MILSATCOM (SPACE),Y,981,,981,"13,598",,"13,598","10,157",,"10,157",U
3620F,"Research, Development, Test, and Evaluation, Space Force",F,05,System development and demonstration,29,1206433SF,Wideband Global SATCOM (SPACE),Y,,,,"19,296",,"19,296",,,,U
3620F,"Research, Development, Test, and Evaluation, Space Force",F,05,System development and demonstration,30,1206440SF,Next-Gen OPIR -- Ground,Y,"500,395",,"500,395","348,330",,"348,330","761,425",,"761,425",U
3620F,"Research, Development, Test, and Evaluation, Space Force",F,05,System development and demonstration,31,1206442SF,Next Generation OPIR,Y,"190,951",,"190,951","189,621",,"189,621","209,851",,"209,851",U
3620F,"Research, Development, Test, and Evaluation, Space Force",F,05,System development and demonstration,32,1206443SF,Next-Gen OPIR -- GEO,Y,"458,727",,"458,727","422,173",,"422,173","485,703",,"485,703",U
3620F,"Research, Development, Test, and Evaluation, Space Force",F,05,System development and demonstration,33,1206444SF,Next-Gen OPIR -- Polar,Y,"769,478",,"769,478","436,521",,"436,521",,,,U
3620F,"Research, Development, Test, and Evaluation, Space Force",F,05,System development and demonstration,34,1206445SF,Commercial SATCOM (COMSATCOM) Integration,Y,"124,117",,"124,117","127,261",,"127,261","68,554",,"68,554",U
3620F,"Research, Development, Test, and Evaluation, Space Force",F,05,System development and demonstration,35,1206446SF,Resilient Missile Warning Missile Tracking - Low Earth Orbit (LEO),Y,"1,697,821",,"1,697,821","1,695,454",,"1,695,454","3,564,176",,"3,564,176",U
3620F,"Research, Development, Test, and Evaluation, Space Force",F,05,System development and demonstration,36,1206447SF,Resilient Missile Warning Missile Tracking - Medium Earth Orbit (MEO),Y,"756,349",,"756,349","675,848",,"675,848","1,413,662",,"1,413,662",U
3620F,"Research, Development, Test, and Evaluation, Space Force",F,05,System development and demonstration,37,1206771SF,Commercial Services,Y,"44,699",,"44,699","168,026",,"168,026","23,752",,"23,752",U
3620F,"Research, Development, Test, and Evaluation, Space Force",F,05,System development and demonstration,38,1206853SF,National Security Space Launch Program (SPACE) - EMD,Y,"101,138",,"101,138","6,540",,"6,540","2,748",,"2,748",U
3620F,"Research, Development, Test, and Evaluation, Space Force",F,05,System development and demonstration,39,1206855SF,Evolved Strategic SATCOM (ESS),Y,,,,,,,"1,838,718",,"1,838,718",U
3620F,"Research, Development, Test, and Evaluation, Space Force",F,06,Management support,40,0909999SF,Financing for Cancelled Account Adjustments,Y,161,,161,,,,,,,U
3620F,"Research, Development, Test, and Evaluation, Space Force",F,06,Management support,41,1205502SF,Small Business Innovation Research,Y,"448,511",,"448,511",,,,,,,U
3620F,"Research, Development, Test, and Evaluation, Space Force",F,06,Management support,42,1206392SF,ACQ Workforce - Space & Missile Systems,Y,"263,288",,"263,288","269,162",,"269,162","260,731",,"260,731",U
3620F,"Research, Development, Test, and Evaluation, Space Force",F,06,Management support,43,1206398SF,Space & Missile Systems Center - MHA,Y,"12,867",,"12,867","15,356",,"15,356","13,717",,"13,717",U
3620F,"Research, Development, Test, and Evaluation, Space Force",F,06,Management support,44,1206399SF,SSC Enterprise Engineering & Integration,Y,,,,"109,161",,"109,161","230,848",,"230,848",U
3620F,"Research, Development, Test, and Evaluation, Space Force",F,06,Management support,45,1206759SF,Major T&E Investment - Space,Y,"216,282",,"216,282","195,977",,"195,977","65,731",,"65,731",U
3620F,"Research, Development, Test, and Evaluation, Space Force",F,06,Management support,46,1206860SF,Rocket Systems Launch Program (SPACE),Y,"34,761",,"34,761","65,031","60,000","125,031","19,965",,"19,965",U
3620F,"Research, Development, Test, and Evaluation, Space Force",F,06,Management support,47,1206864SF,Space Test Program (STP),Y,"29,568",,"29,568","28,404",,"28,404","29,598",,"29,598",U
3620F,"Research, Development, Test, and Evaluation, Space Force",F,07,Operational system development,49,1201212SF,Service-Wide Support (Not Otherwise Accounted For),Y,,,,"9,073",,"9,073","28,425",,"28,425",U
3620F,"Research, Development, Test, and Evaluation, Space Force",F,07,Operational system development,50,1203001SF,Family of Advanced BLoS Terminals (FAB-T),Y,"2,582",,"2,582",303,,303,,,,U
3620F,"Research, Development, Test, and Evaluation, Space Force",F,07,Operational system development,51,1203040SF,DCO-Space,Y,"101,374",,"101,374","97,997",,"97,997","481,251",,"481,251",U
3620F,"Research, Development, Test, and Evaluation, Space Force",F,07,Operational system development,52,1203109SF,Narrowband Satellite Communications,Y,"194,808",,"194,808","415,402",,"415,402","855,860",,"855,860",U
3620F,"Research, Development, Test, and Evaluation, Space Force",F,07,Operational system development,53,1203110SF,Satellite Control Network (SPACE),Y,"78,966",,"78,966","92,459","18,000","110,459","92,537",,"92,537",U
3620F,"Research, Development, Test, and Evaluation, Space Force",F,07,Operational system development,54,1203154SF,Long Range Kill Chains,Y,"250,210",,"250,210",,"420,700","420,700","1,392,025",,"1,392,025",U
3620F,"Research, Development, Test, and Evaluation, Space Force",F,07,Operational system development,55,1203155SF,Space-Based Moving Target Indicator,Y,"256,000",,"256,000","719,384","135,000","854,384","253,355","803,000","1,056,355",U
3620F,"Research, Development, Test, and Evaluation, Space Force",F,07,Operational system development,56,1203156SF,Data Transport and Networking,Y,,,,,,,"164,974",,"164,974",U
3620F,"Research, Development, Test, and Evaluation, Space Force",F,07,Operational system development,57,1203165SF,NAVSTAR Global Positioning System (Space and Control Segments),Y,,,,,,,"115,000",,"115,000",U
3620F,"Research, Development, Test, and Evaluation, Space Force",F,07,Operational system development,58,1203173SF,Space and Missile Test and Evaluation Center,Y,"20,433",,"20,433","21,862",,"21,862","22,487",,"22,487",U
3620F,"Research, Development, Test, and Evaluation, Space Force",F,07,Operational system development,59,1203174SF,"Space Innovation, Integration and Rapid Technology Development",Y,"47,216",,"47,216","81,046",,"81,046","10,538",,"10,538",U
3620F,"Research, Development, Test, and Evaluation, Space Force",F,07,Operational system development,60,1203182SF,Spacelift Range System  (SPACE),Y,"43,933",,"43,933","54,300",,"54,300","56,781",,"56,781",U
3620F,"Research, Development, Test, and Evaluation, Space Force",F,07,Operational system development,61,1203330SF,Space Superiority ISR,Y,"28,227",,"28,227","24,411",,"24,411","64,290",,"64,290",U
3620F,"Research, Development, Test, and Evaluation, Space Force",F,07,Operational system development,62,1203636SF,Space Data Network,Y,,,,,,,,"1,485,397","1,485,397",U
3620F,"Research, Development, Test, and Evaluation, Space Force",F,07,Operational system development,63,1203873SF,Ballistic Missile Defense Radars,Y,"11,620",,"11,620","5,000",,"5,000",,,,U
3620F,"Research, Development, Test, and Evaluation, Space Force",F,07,Operational system development,64,1203906SF,NCMC - ITW/AA System,Y,"23,962",,"23,962","33,060",,"33,060","25,092",,"25,092",U
3620F,"Research, Development, Test, and Evaluation, Space Force",F,07,Operational system development,65,1203909SF,Ballistic Missile Early Warning System (BMEWS),Y,,,,,"73,700","73,700","128,630",,"128,630",U
3620F,"Research, Development, Test, and Evaluation, Space Force",F,07,Operational system development,66,1203913SF,NUDET Detection System (SPACE),Y,"83,426",,"83,426","96,836",,"96,836","114,004",,"114,004",U
3620F,"Research, Development, Test, and Evaluation, Space Force",F,07,Operational system development,67,1203940SF,Space Situation Awareness Operations,Y,"111,855",,"111,855","179,365","31,100","210,465","294,902",,"294,902",U
3620F,"Research, Development, Test, and Evaluation, Space Force",F,07,Operational system development,68,1206423SF,Global Positioning System III - Operational Control Segment,Y,"263,380",,"263,380","260,168",,"260,168","332,313",,"332,313",U
3620F,"Research, Development, Test, and Evaluation, Space Force",F,07,Operational system development,72,1206772SF,Rapid Resilient Command and Control (R2C2),Y,,,,"118,034",,"118,034","109,190",,"109,190",U
3620F,"Research, Development, Test, and Evaluation, Space Force",F,07,Operational system development,73,1207440SF,Automate Sat C2,Y,,,,,,,"1,524,300",,"1,524,300",U
3620F,"Research, Development, Test, and Evaluation, Space Force",F,07,Operational system development,74,1208053SF,Joint Tactical Ground System,Y,"6,937",,"6,937","6,698",,"6,698","92,731",,"92,731",U
3620F,"Research, Development, Test, and Evaluation, Space Force",,07,Operational system development,999,9999999999,Classified Programs,Y,"5,384,046",,"5,384,046","2,435,234","4,125,562","6,560,796","17,330,381",,"17,330,381",U
3620F,"Research, Development, Test, and Evaluation, Space Force",F,08,Software and digital technology pilot programs,75,1208248SF,Space Domain Awareness/Planning/Tasking SW,Y,"140,938",,"140,938","201,991",,"201,991","617,062",,"617,062",U
0400D,"Research, Development, Test and Evaluation, Defense-Wide",DTRA,01,Basic research,1,0601000BR,DTRA Basic Research,Y,"14,933",,"14,933","15,481",,"15,481","15,070",,"15,070",U
0400D,"Research, Development, Test and Evaluation, Defense-Wide",DARPA,01,Basic research,2,0601101E,Defense Research Sciences,Y,"279,971",,"279,971",,,,,,,U
0400D,"Research, Development, Test and Evaluation, Defense-Wide",OSD,01,Basic research,3,0601108D8Z,High Energy Laser Research Initiatives,Y,"16,046",,"16,046","16,720",,"16,720","17,667",,"17,667",U
0400D,"Research, Development, Test and Evaluation, Defense-Wide",OSD,01,Basic research,4,0601110D8Z,Basic Research Initiatives,Y,"84,289",,"84,289","108,879",,"108,879","87,091",,"87,091",U
0400D,"Research, Development, Test and Evaluation, Defense-Wide",DARPA,01,Basic research,5,0601117E,Basic Operational Medical Research Science,Y,"86,255",,"86,255",,,,,,,U
0400D,"Research, Development, Test and Evaluation, Defense-Wide",OSD,01,Basic research,6,0601120D8Z,National Defense Education Program,Y,"161,261",,"161,261","159,032",,"159,032","165,488",,"165,488",U
0400D,"Research, Development, Test and Evaluation, Defense-Wide",DARPA,01,Basic research,7,0601122E,Emerging Opportunities,Y,,,,"345,053","12,500","357,553","387,633",,"387,633",U
0400D,"Research, Development, Test and Evaluation, Defense-Wide",OSD,01,Basic research,8,0601228D8Z,Historically Black Colleges and Universities/Minority Institutions,Y,"98,547",,"98,547","112,992",,"112,992","99,706",,"99,706",U
0400D,"Research, Development, Test and Evaluation, Defense-Wide",CBDP,01,Basic research,9,0601384BP,Chemical and Biological Defense Program,Y,"36,957",,"36,957","28,232",,"28,232","27,425",,"27,425",U
0400D,"Research, Development, Test and Evaluation, Defense-Wide",DEFW,01,Basic research,10,0904903D,Defense-Wide Resources,Y,"325,878",,"325,878",,,,,,,U
0400D,"Research, Development, Test and Evaluation, Defense-Wide",OSD,02,Applied research,11,0602000D8Z,Joint Munitions Technology,Y,"19,279",,"19,279","18,228","5,940","24,168","32,145",,"32,145",U
0400D,"Research, Development, Test and Evaluation, Defense-Wide",DARPA,02,Applied research,12,0602023E,Access and Awareness,Y,,,,"98,269","7,000","105,269","110,096",,"110,096",U
0400D,"Research, Development, Test and Evaluation, Defense-Wide",DARPA,02,Applied research,13,0602024E,Warfighting Performance,Y,,,,"307,727","87,500","395,227","364,141",,"364,141",U
0400D,"Research, Development, Test and Evaluation, Defense-Wide",DARPA,02,Applied research,14,0602025E,"Making, Maintaining, Supply Chain and Logistics",Y,,,,"1,318,411","250,000","1,568,411","1,624,523",,"1,624,523",U
0400D,"Research, Development, Test and Evaluation, Defense-Wide",DARPA,02,Applied research,15,0602026E,Effects,Y,,,,"13,730",,"13,730",,,,U
0400D,"Research, Development, Test and Evaluation, Defense-Wide",DARPA,02,Applied research,16,0602115E,Biomedical Technology,Y,"128,307",,"128,307",,,,,,,U
0400D,"Research, Development, Test and Evaluation, Defense-Wide",OSD,02,Applied research,17,0602128D8Z,Promotion and Protection Strategies,Y,"3,170",,"3,170","3,158",,"3,158","4,260",,"4,260",U
0400D,"Research, Development, Test and Evaluation, Defense-Wide",OSD,02,Applied research,18,0602230D8Z,Defense Technology Innovation,Y,"27,554",,"27,554","40,051","351,380","391,431","43,405",,"43,405",U
0400D,"Research, Development, Test and Evaluation, Defense-Wide",OSD,02,Applied research,19,0602234D8Z,Lincoln Laboratory Research Program,Y,"45,822",,"45,822","46,870",,"46,870","10,045",,"10,045",U
0400D,"Research, Development, Test and Evaluation, Defense-Wide",OSD,02,Applied research,20,0602251D8Z,Applied Research for the Advancement of S&T Priorities,Y,"52,044",,"52,044","48,845",,"48,845","59,560",,"59,560",U
0400D,"Research, Development, Test and Evaluation, Defense-Wide",DARPA,02,Applied research,21,0602303E,Information & Communications Technology,Y,"352,961",,"352,961",,,,,,,U
0400D,"Research, Development, Test and Evaluation, Defense-Wide",CBDP,02,Applied research,22,0602384BP,Chemical and Biological Defense Program,Y,"223,843",,"223,843","204,055",,"204,055","207,186",,"207,186",U
0400D,"Research, Development, Test and Evaluation, Defense-Wide",OSD,02,Applied research,23,0602668D8Z,Cyber Security Research,Y,"30,516",,"30,516","30,314",,"30,314","18,575",,"18,575",U
0400D,"Research, Development, Test and Evaluation, Defense-Wide",OSD,02,Applied research,24,0602669D8Z,Microelectronics Commons - Applied Research,Y,"72,188",,"72,188",,,,,,,U
0400D,"Research, Development, Test and Evaluation, Defense-Wide",OSD,02,Applied research,25,0602675D8Z,Social Sciences for Environmental Security,Y,"3,783",,"3,783",,,,,,,U
0400D,"Research, Development, Test and Evaluation, Defense-Wide",DARPA,02,Applied research,26,0602702E,Tactical Technology,Y,"112,715",,"112,715",,,,,,,U
0400D,"Research, Development, Test and Evaluation, Defense-Wide",DARPA,02,Applied research,27,0602715E,Materials and Biological Technology,Y,"304,669",,"304,669",,,,,,,U
0400D,"Research, Development, Test and Evaluation, Defense-Wide",DARPA,02,Applied research,28,0602716E,Electronics Technology,Y,"621,104",,"621,104",,,,,,,U
0400D,"Research, Development, Test and Evaluation, Defense-Wide",DTRA,02,Applied research,29,0602718BR,Counter Weapons of Mass Destruction Applied Research,Y,"166,400",,"166,400","149,443",,"149,443","157,287",,"157,287",U
0400D,"Research, Development, Test and Evaluation, Defense-Wide",OSD,02,Applied research,30,0602751D8Z,Software Engineering Institute (SEI) Applied Research,Y,"10,896",,"10,896","8,758",,"8,758","7,069",,"7,069",U
0400D,"Research, Development, Test and Evaluation, Defense-Wide",OSD,02,Applied research,31,0602890D8Z,High Energy Laser Research,Y,"47,374",,"47,374","47,110",,"47,110","50,408",,"50,408",U
0400D,"Research, Development, Test and Evaluation, Defense-Wide",OSD,02,Applied research,32,0602891D8Z,FSRM Modelling,Y,"1,897",,"1,897",994,,994,"6,635",,"6,635",U
0400D,"Research, Development, Test and Evaluation, Defense-Wide",SOCOM,02,Applied research,33,1160401BB,SOF Technology Development,Y,"56,239",,"56,239","91,225",,"91,225","50,856",,"50,856",U
0400D,"Research, Development, Test and Evaluation, Defense-Wide",OSD,03,Advanced technology development,34,0603000D8Z,Joint Munitions Advanced Technology,Y,"39,088",,"39,088","45,325",,"45,325","64,251","415,000","479,251",U
0400D,"Research, Development, Test and Evaluation, Defense-Wide",OSD,03,Advanced technology development,35,0603021D8Z,National Security Innovation Capital,Y,"5,843",,"5,843",,"15,001","15,001",,,,U
0400D,"Research, Development, Test and Evaluation, Defense-Wide",OSD,03,Advanced technology development,36,0603055D8Z,Operational Energy Capability Improvement,Y,,,,"216,497","82,000","298,497","165,060","93,888","258,948",U
0400D,"Research, Development, Test and Evaluation, Defense-Wide",OSD,03,Advanced technology development,37,0603121D8Z,SO/LIC Advanced Development,Y,"4,987",,"4,987",,,,,,,U
0400D,"Research, Development, Test and Evaluation, Defense-Wide",OSD,03,Advanced technology development,38,0603122D8Z,Combating Terrorism Technology Support,Y,"194,610",,"194,610","288,428",,"288,428","73,618",,"73,618",U
0400D,"Research, Development, Test and Evaluation, Defense-Wide",OSD,03,Advanced technology development,39,0603133D8Z,Foreign Comparative Testing,Y,"29,464",,"29,464","27,662",,"27,662","24,950",,"24,950",U
0400D,"Research, Development, Test and Evaluation, Defense-Wide",OSD,03,Advanced technology development,40,0603142D8Z,Mission Engineering & Integration (ME&I),Y,"101,099",,"101,099","76,768","32,000","108,768","144,454",,"144,454",U
0400D,"Research, Development, Test and Evaluation, Defense-Wide",DTRA,03,Advanced technology development,41,0603160BR,Counter Weapons of Mass Destruction Advanced Technology Development,Y,"399,980",,"399,980","374,450",,"374,450","509,160",,"509,160",U
0400D,"Research, Development, Test and Evaluation, Defense-Wide",MDA,03,Advanced technology development,42,0603176C,Advanced Concepts and Performance Assessment,Y,"21,091",,"21,091","30,901",,"30,901",,,,U
0400D,"Research, Development, Test and Evaluation, Defense-Wide",MDA,03,Advanced technology development,43,0603180C,Advanced Research,Y,"50,248",,"50,248","76,628",,"76,628","482,573",,"482,573",U
0400D,"Research, Development, Test and Evaluation, Defense-Wide",OSD,03,Advanced technology development,44,0603183D8Z,Joint Hypersonic Technology Development &Transition,Y,"55,745",,"55,745","59,515","367,000","426,515","424,422",,"424,422",U
0400D,"Research, Development, Test and Evaluation, Defense-Wide",OSD,03,Advanced technology development,45,0603225D8Z,Joint DoD-DoE Munitions Technology Development,Y,"19,201",,"19,201","33,592",,"33,592","45,375",,"45,375",U
0400D,"Research, Development, Test and Evaluation, Defense-Wide",DARPA,03,Advanced technology development,46,0603286E,Advanced Aerospace Systems,Y,"241,495",,"241,495",,,,,,,U
0400D,"Research, Development, Test and Evaluation, Defense-Wide",DARPA,03,Advanced technology development,47,0603287E,Space Programs and Technology,Y,"175,105",,"175,105",,,,,,,U
0400D,"Research, Development, Test and Evaluation, Defense-Wide",OSD,03,Advanced technology development,48,0603288D8Z,Analytic Assessments,Y,"26,886",,"26,886","41,254",,"41,254","36,917",,"36,917",U
0400D,"Research, Development, Test and Evaluation, Defense-Wide",OSD,03,Advanced technology development,49,0603289D8Z,Advanced Innovative Analysis and Concepts,Y,"54,976",,"54,976","56,677",,"56,677","51,960",,"51,960",U
0400D,"Research, Development, Test and Evaluation, Defense-Wide",OSD,03,Advanced technology development,50,0603330D8Z,Quantum Application,Y,"23,401",,"23,401","58,723",,"58,723","60,333",,"60,333",U
0400D,"Research, Development, Test and Evaluation, Defense-Wide",OSD,03,Advanced technology development,51,0603331D8Z,Future Generation Wireless Technologies,Y,,,,,,,"5,000",,"5,000",U
0400D,"Research, Development, Test and Evaluation, Defense-Wide",OSD,03,Advanced technology development,52,0603342D8Z,Defense Innovation Unit (DIU),Y,"134,797",,"134,797","140,000","1,735,861","1,875,861","522,559",,"522,559",U
0400D,"Research, Development, Test and Evaluation, Defense-Wide",OSD,03,Advanced technology development,53,0603375D8Z,Technology Innovation,Y,"57,222",,"57,222","19,460",,"19,460","982,694",,"982,694",U
0400D,"Research, Development, Test and Evaluation, Defense-Wide",OSD,03,Advanced technology development,54,0603379D8Z,Advanced Technical Integration,Y,"25,118",,"25,118","29,576",,"29,576","79,268",,"79,268",U
0400D,"Research, Development, Test and Evaluation, Defense-Wide",CBDP,03,Advanced technology development,55,0603384BP,Chemical and Biological Defense Program - Advanced Development,Y,"230,200",,"230,200","241,043",,"241,043","310,308",,"310,308",U
0400D,"Research, Development, Test and Evaluation, Defense-Wide",DARPA,03,Advanced technology development,56,0603467E,DARPA Advanced Technology Development,Y,,,,"1,528,100","90,000","1,618,100","1,568,124",,"1,568,124",U
0400D,"Research, Development, Test and Evaluation, Defense-Wide",DARPA,03,Advanced technology development,57,0603468E,Advanced Complex Systems,Y,,,,"263,461",,"263,461","540,362",,"540,362",U
0400D,"Research, Development, Test and Evaluation, Defense-Wide",DARPA,03,Advanced technology development,58,0603469E,Advanced Enabling Technologies,Y,,,,"317,460","20,000","337,460","331,007",,"331,007",U
0400D,"Research, Development, Test and Evaluation, Defense-Wide",OSD,03,Advanced technology development,59,0603618D8Z,Joint Electronic Advanced Technology,Y,"16,868",,"16,868","20,438",,"20,438","49,083",,"49,083",U
0400D,"Research, Development, Test and Evaluation, Defense-Wide",OSD,03,Advanced technology development,60,0603662D8Z,Networked Communications Capabilities,Y,"22,199",,"22,199","19,658","65,000","84,658","696,297",,"696,297",U
0400D,"Research, Development, Test and Evaluation, Defense-Wide",OSD,03,Advanced technology development,61,0603669D8Z,Microelectronics Commons - Advanced Technology Development (ATD),Y,"265,108",,"265,108",,,,,,,U
0400D,"Research, Development, Test and Evaluation, Defense-Wide",OSD,03,Advanced technology development,62,0603680D8Z,Defense-Wide Manufacturing Science and Technology Program,Y,"198,845",,"198,845","555,108","1,493,556","2,048,664","581,847",,"581,847",U
0400D,"Research, Development, Test and Evaluation, Defense-Wide",DLA,03,Advanced technology development,63,0603680S,Manufacturing Technology Program,Y,"96,886",,"96,886","176,593",,"176,593","49,787",,"49,787",U
0400D,"Research, Development, Test and Evaluation, Defense-Wide",DLA,03,Advanced technology development,64,0603712S,Generic Logistics R&D Technology Demonstrations,Y,"17,900",,"17,900","23,640",,"23,640","18,791",,"18,791",U
0400D,"Research, Development, Test and Evaluation, Defense-Wide",OSD,03,Advanced technology development,65,0603716D8Z,Strategic Environmental Research Program,Y,"57,478",,"57,478","57,575",,"57,575","60,774",,"60,774",U
0400D,"Research, Development, Test and Evaluation, Defense-Wide",DLA,03,Advanced technology development,66,0603720S,Microelectronics Technology Development and Support,Y,"133,103",,"133,103","211,331","151,996","363,327","139,923",,"139,923",U
0400D,"Research, Development, Test and Evaluation, Defense-Wide",OSD,03,Advanced technology development,67,0603727D8Z,Joint Warfighting Program,Y,"2,586",,"2,586",932,,932,,,,U
0400D,"Research, Development, Test and Evaluation, Defense-Wide",DARPA,03,Advanced technology development,68,0603739E,Advanced Electronics Technologies,Y,"148,382",,"148,382",,,,,,,U
0400D,"Research, Development, Test and Evaluation, Defense-Wide",DARPA,03,Advanced technology development,69,0603760E,"Command, Control and Communications Systems",Y,"591,042",,"591,042",,,,,,,U
0400D,"Research, Development, Test and Evaluation, Defense-Wide",DARPA,03,Advanced technology development,70,0603766E,Network-Centric Warfare Technology,Y,"838,984",,"838,984",,,,,,,U
0400D,"Research, Development, Test and Evaluation, Defense-Wide",DARPA,03,Advanced technology development,71,0603767E,Sensor Technology,Y,"259,283",,"259,283",,,,,,,U
0400D,"Research, Development, Test and Evaluation, Defense-Wide",OSD,03,Advanced technology development,72,0603781D8Z,Software Engineering Institute,Y,"16,360",,"16,360","12,789",,"12,789","10,227",,"10,227",U
0400D,"Research, Development, Test and Evaluation, Defense-Wide",OSD,03,Advanced technology development,73,0603834D8Z,Biosurveillance Program Advanced Technology Development,Y,,,,,,,"9,800",,"9,800",U
0400D,"Research, Development, Test and Evaluation, Defense-Wide",OSD,03,Advanced technology development,74,0603838D8Z,Defense Innovation Acceleration (DIA),Y,"160,928",,"160,928","211,541","348,860","560,401","310,977",,"310,977",U
0400D,"Research, Development, Test and Evaluation, Defense-Wide",OSD,03,Advanced technology development,75,0603924D8Z,High Energy Laser Advanced Technology Program,Y,"109,517",,"109,517","120,763",,"120,763","201,125",,"201,125",U
0400D,"Research, Development, Test and Evaluation, Defense-Wide",OSD,03,Advanced technology development,76,0603941D8Z,Test & Evaluation Science & Technology,Y,"304,567",,"304,567","961,052","713,000","1,674,052","3,834,080",,"3,834,080",U
0400D,"Research, Development, Test and Evaluation, Defense-Wide",OSD,03,Advanced technology development,77,0603945D8Z,International Innovation Initiatives,Y,"54,234",,"54,234","181,497",,"181,497","158,345",,"158,345",U
0400D,"Research, Development, Test and Evaluation, Defense-Wide",OSD,03,Advanced technology development,78,0603950D8Z,National Security Innovation Network,Y,"1,586",,"1,586",,"21,202","21,202",,,,U
0400D,"Research, Development, Test and Evaluation, Defense-Wide",OSD,03,Advanced technology development,79,0604055D8Z,Operational Energy Capability Improvement,Y,"152,656",,"152,656",,,,,,,U
0400D,"Research, Development, Test and Evaluation, Defense-Wide",SOCOM,03,Advanced technology development,80,1160402BB,SOF Advanced Technology Development,Y,"190,299",,"190,299","176,345",,"176,345","126,085",,"126,085",U
0400D,"Research, Development, Test and Evaluation, Defense-Wide",OSD,04,Advanced component development and prototypes,81,0603161D8Z,"Nuclear Matters, Advanced Component Development & Prototypes",Y,"62,091",,"62,091","55,308",,"55,308","44,685",,"44,685",U
0400D,"Research, Development, Test and Evaluation, Defense-Wide",OSD,04,Advanced component development and prototypes,82,0603600D8Z,WALKOFF,Y,"146,245",,"146,245","151,244",,"151,244","227,158",,"227,158",U
0400D,"Research, Development, Test and Evaluation, Defense-Wide",OSD,04,Advanced component development and prototypes,83,0603851D8Z,Environmental Security Technical Certification Program,Y,"147,548",,"147,548","123,298",,"123,298","125,066",,"125,066",U
0400D,"Research, Development, Test and Evaluation, Defense-Wide",MDA,04,Advanced component development and prototypes,84,0603881C,Ballistic Missile Defense Terminal Defense Segment,Y,"287,414",,"287,414","465,312",,"465,312",,,,U
0400D,"Research, Development, Test and Evaluation, Defense-Wide",MDA,04,Advanced component development and prototypes,85,0603882C,Ballistic Missile Defense Midcourse Defense Segment,Y,"739,110",,"739,110","757,164",,"757,164","1,360,611",,"1,360,611",U
0400D,"Research, Development, Test and Evaluation, Defense-Wide",CBDP,04,Advanced component development and prototypes,86,0603884BP,Chemical and Biological Defense Program - Dem/Val,Y,"283,725",,"283,725","267,204",,"267,204","391,307",,"391,307",U
0400D,"Research, Development, Test and Evaluation, Defense-Wide",MDA,04,Advanced component development and prototypes,87,0603884C,Ballistic Missile Defense Sensors,Y,"226,654",,"226,654","181,320","8,000","189,320","865,420",,"865,420",U
0400D,"Research, Development, Test and Evaluation, Defense-Wide",MDA,04,Advanced component development and prototypes,88,0603890C,BMD Enabling Programs,Y,"611,095",,"611,095","599,861",,"599,861","1,457,437",,"1,457,437",U
0400D,"Research, Development, Test and Evaluation, Defense-Wide",MDA,04,Advanced component development and prototypes,89,0603891C,Special Programs - MDA,Y,"477,352",,"477,352","443,130","77,000","520,130","1,742,778",,"1,742,778",U
0400D,"Research, Development, Test and Evaluation, Defense-Wide",MDA,04,Advanced component development and prototypes,90,0603892C,AEGIS BMD,Y,"653,640",,"653,640","550,988",,"550,988","927,870",,"927,870",U
0400D,"Research, Development, Test and Evaluation, Defense-Wide",MDA,04,Advanced component development and prototypes,91,0603896C,"Ballistic Missile Defense Command and Control, Battle Management and Communications (C2BMC)",Y,"567,620",,"567,620","597,396","23,000","620,396","939,987",,"939,987",U
0400D,"Research, Development, Test and Evaluation, Defense-Wide",MDA,04,Advanced component development and prototypes,92,0603898C,Ballistic Missile Defense Joint Warfighter Support,Y,"49,233",,"49,233","45,545",,"45,545","50,430",,"50,430",U
0400D,"Research, Development, Test and Evaluation, Defense-Wide",MDA,04,Advanced component development and prototypes,93,0603904C,Missile Defense Integration & Operations Center (MDIOC),Y,"53,551",,"53,551","51,514",,"51,514","57,892",,"57,892",U
0400D,"Research, Development, Test and Evaluation, Defense-Wide",MDA,04,Advanced component development and prototypes,94,0603906C,Regarding Trench,Y,"27,371",,"27,371","28,342",,"28,342","29,807",,"29,807",U
0400D,"Research, Development, Test and Evaluation, Defense-Wide",MDA,04,Advanced component development and prototypes,95,0603907C,Sea Based X-Band Radar (SBX),Y,"193,958",,"193,958","166,813",,"166,813","274,204",,"274,204",U
0400D,"Research, Development, Test and Evaluation, Defense-Wide",MDA,04,Advanced component development and prototypes,96,0603913C,Israeli Cooperative Programs,Y,"300,000",,"300,000","300,000",,"300,000","300,000",,"300,000",U
0400D,"Research, Development, Test and Evaluation, Defense-Wide",MDA,04,Advanced component development and prototypes,97,0603914C,Ballistic Missile Defense Test,Y,"355,503",,"355,503","459,074","530,000","989,074","1,065,474",,"1,065,474",U
0400D,"Research, Development, Test and Evaluation, Defense-Wide",MDA,04,Advanced component development and prototypes,98,0603915C,Ballistic Missile Defense Targets,Y,"601,524",,"601,524","514,882",,"514,882","518,506",,"518,506",U
0400D,"Research, Development, Test and Evaluation, Defense-Wide",OSD,04,Advanced component development and prototypes,99,0603923D8Z,Coalition Warfare,Y,"9,828",,"9,828","10,062",,"10,062","10,082",,"10,082",U
0400D,"Research, Development, Test and Evaluation, Defense-Wide",OSD,04,Advanced component development and prototypes,100,0604011D8Z,Next Generation Information Communications Technology (5G),Y,"89,270",,"89,270","71,278",,"71,278",,,,U
0400D,"Research, Development, Test and Evaluation, Defense-Wide",OSD,04,Advanced component development and prototypes,101,0604016D8Z,Department of Defense Corrosion Program,Y,"2,600",,"2,600","2,545",,"2,545","2,675",,"2,675",U
0400D,"Research, Development, Test and Evaluation, Defense-Wide",OSD,04,Advanced component development and prototypes,102,0604023D8Z,Joint Munitions Component Prototyping,Y,,,,,,,"7,893",,"7,893",U
0400D,"Research, Development, Test and Evaluation, Defense-Wide",MDA,04,Advanced component development and prototypes,103,0604102C,Guam Defense Development,Y,"412,042",,"412,042","127,742","44,500","172,242","212,413",,"212,413",U
0400D,"Research, Development, Test and Evaluation, Defense-Wide",MDA,04,Advanced component development and prototypes,104,0604115C,Technology Maturation Initiatives,Y,"2,500",,"2,500","5,000",,"5,000","59,700",,"59,700",U
0400D,"Research, Development, Test and Evaluation, Defense-Wide",OSD,04,Advanced component development and prototypes,105,0604124D8Z,Chief Digital and Artificial Intelligence Officer (CDAO) - MIP,Y,"10,315",,"10,315",,,,,,,U
0400D,"Research, Development, Test and Evaluation, Defense-Wide",OSD,04,Advanced component development and prototypes,106,0604125D8Z,Advanced Manufacturing Components and Prototypes,Y,"21,193",,"21,193","64,801",,"64,801","52,122",,"52,122",U
0400D,"Research, Development, Test and Evaluation, Defense-Wide",OSD,04,Advanced component development and prototypes,107,0604162D8Z,Chemical and Biological Weapons Elimination Technology Development,Y,,,,,,,945,,945,U
0400D,"Research, Development, Test and Evaluation, Defense-Wide",MDA,04,Advanced component development and prototypes,108,0604181C,Hypersonic Defense,Y,"175,893",,"175,893","182,990",,"182,990","213,783",,"213,783",U
0400D,"Research, Development, Test and Evaluation, Defense-Wide",OSD,04,Advanced component development and prototypes,109,0604250D8Z,Advanced Innovative Technologies,Y,"914,593",,"914,593","770,844","1,002,000","1,772,844","2,626,130",,"2,626,130",U
0400D,"Research, Development, Test and Evaluation, Defense-Wide",OSD,04,Advanced component development and prototypes,110,0604294D8Z,Trusted & Assured Microelectronics,Y,"638,321","150,000","788,321","549,186",,"549,186","156,743",,"156,743",U
0400D,"Research, Development, Test and Evaluation, Defense-Wide",OSD,04,Advanced component development and prototypes,111,0604331D8Z,Rapid Prototyping Program,Y,"67,434",,"67,434","232,635","706,200","938,835","238,800","1,394,000","1,632,800",U
0400D,"Research, Development, Test and Evaluation, Defense-Wide",TJS,04,Advanced component development and prototypes,112,0604331J,Rapid Prototyping Program,Y,"7,429",,"7,429",,,,,,,U
0400D,"Research, Development, Test and Evaluation, Defense-Wide",OSD,04,Advanced component development and prototypes,113,0604341D8Z,Defense Innovation Unit (DIU) Prototyping,Y,"31,700",,"31,700","15,000",,"15,000",,,,U
0400D,"Research, Development, Test and Evaluation, Defense-Wide",OSD,04,Advanced component development and prototypes,114,0604400D8Z,Department of Defense (DoD) Unmanned System Common Development,Y,"9,178",,"9,178","11,971","1,000,000","1,011,971","2,024","34,627","36,651",U
0400D,"Research, Development, Test and Evaluation, Defense-Wide",OSD,04,Advanced component development and prototypes,115,0604539D8Z,Defense Autonomous Warfare Group,Y,,,,,"225,900","225,900","1,000,000","53,599,650","54,599,650",U
0400D,"Research, Development, Test and Evaluation, Defense-Wide",DTRA,04,Advanced component development and prototypes,116,0604551BR,Catapult Information System,Y,"7,290",,"7,290","3,992",,"3,992","7,500",,"7,500",U
0400D,"Research, Development, Test and Evaluation, Defense-Wide",OSD,04,Advanced component development and prototypes,117,0604555D8Z,Operational Energy Prototyping - Non S&T,Y,"48,723",,"48,723","65,462","29,000","94,462","53,505",,"53,505",U
0400D,"Research, Development, Test and Evaluation, Defense-Wide",OSD,04,Advanced component development and prototypes,118,0604669D8Z,Microelectronics Commons - Advanced Component Development (ACD),Y,"62,704",,"62,704",,,,,,,U
0400D,"Research, Development, Test and Evaluation, Defense-Wide",OSD,04,Advanced component development and prototypes,119,0604679D8Z,Office of Strategic Capital (OSC),Y,,,,"2,000",,"2,000","18,955",,"18,955",U
0400D,"Research, Development, Test and Evaluation, Defense-Wide",OSD,04,Advanced component development and prototypes,120,0604682D8Z,Support for Strategic Analysis,Y,"1,502",,"1,502","2,737",,"2,737","2,802",,"2,802",U
0400D,"Research, Development, Test and Evaluation, Defense-Wide",OSD,04,Advanced component development and prototypes,121,0604790D8Z,Rapid Defense Experimentation Reserve (RDER),Y,"23,052",,"23,052",,,,,,,U
0400D,"Research, Development, Test and Evaluation, Defense-Wide",OSD,04,Advanced component development and prototypes,122,0604791D8Z,Multi-Domain Joint Operations (MDJO),Y,,,,"2,310","1,000","3,310","32,001","2,400,000","2,432,001",U
0400D,"Research, Development, Test and Evaluation, Defense-Wide",OSD,04,Advanced component development and prototypes,123,0604797D8Z,Joint Energetic Transition Office,Y,,,,"2,986","1,000","3,986","6,278","500,000","506,278",U
0400D,"Research, Development, Test and Evaluation, Defense-Wide",TJS,04,Advanced component development and prototypes,124,0604826J,"Joint C5 Capability Development, Integration and interoperability Assessments",Y,"28,897",,"28,897","25,706",,"25,706","28,314",,"28,314",U
0400D,"Research, Development, Test and Evaluation, Defense-Wide",OSD,04,Advanced component development and prototypes,125,0604834D8Z,Biosurveillance Program Development & Prototyping,Y,,,,,,,"7,000",,"7,000",U
0400D,"Research, Development, Test and Evaluation, Defense-Wide",MDA,04,Advanced component development and prototypes,126,0604873C,Long Range Discrimination Radar (LRDR),Y,"95,584",,"95,584","55,856",,"55,856","125,074",,"125,074",U
0400D,"Research, Development, Test and Evaluation, Defense-Wide",MDA,04,Advanced component development and prototypes,127,0604874C,Improved Homeland Defense Interceptors,Y,"1,619,530",,"1,619,530","1,510,505",,"1,510,505","1,344,824",,"1,344,824",U
0400D,"Research, Development, Test and Evaluation, Defense-Wide",MDA,04,Advanced component development and prototypes,128,0604876C,Ballistic Missile Defense Terminal Defense Segment Test,Y,"25,323",,"25,323","37,784",,"37,784",,,,U
0400D,"Research, Development, Test and Evaluation, Defense-Wide",MDA,04,Advanced component development and prototypes,129,0604878C,Aegis BMD Test,Y,"113,913",,"113,913","143,618",,"143,618","61,969",,"61,969",U
0400D,"Research, Development, Test and Evaluation, Defense-Wide",MDA,04,Advanced component development and prototypes,130,0604879C,Ballistic Missile Defense Sensor Test,Y,"95,551",,"95,551","68,699",,"68,699","52,919",,"52,919",U
0400D,"Research, Development, Test and Evaluation, Defense-Wide",MDA,04,Advanced component development and prototypes,131,0604880C,Land-Based SM-3 (LBSM3),Y,"21,631",,"21,631","24,309",,"24,309","25,102",,"25,102",U
0400D,"Research, Development, Test and Evaluation, Defense-Wide",MDA,04,Advanced component development and prototypes,132,0604887C,Ballistic Missile Defense Midcourse Segment Test,Y,"39,787",,"39,787","38,325",,"38,325","53,761",,"53,761",U
0400D,"Research, Development, Test and Evaluation, Defense-Wide",OSD,04,Advanced component development and prototypes,133,0604924D8Z,High Energy Laser Advanced Component Development & Prototype,Y,"2,850",,"2,850","5,528",,"5,528","44,485",,"44,485",U
0400D,"Research, Development, Test and Evaluation, Defense-Wide",MDA,04,Advanced component development and prototypes,134,0202057C,Safety Program Management,Y,"2,118",,"2,118","1,801",,"1,801","2,146",,"2,146",U
0400D,"Research, Development, Test and Evaluation, Defense-Wide",CYBER,04,Advanced component development and prototypes,135,0208059JCY,CYBERCOM Activities,Y,"35,700",,"35,700","30,212",,"30,212","31,735",,"31,735",U
0400D,"Research, Development, Test and Evaluation, Defense-Wide",CYBER,04,Advanced component development and prototypes,136,0208085JCY,Robust Infrastructure and Access,Y,"78,813",,"78,813",,,,,,,U
0400D,"Research, Development, Test and Evaluation, Defense-Wide",CYBER,04,Advanced component development and prototypes,137,0208086JCY,Cyber Training Environment (CTE),Y,"149,145",,"149,145","124,971",,"124,971","120,814",,"120,814",U
0400D,"Research, Development, Test and Evaluation, Defense-Wide",DCAA,04,Advanced component development and prototypes,138,0300206R,Enterprise Information Technology Systems,Y,"2,162",,"2,162",,,,,,,U
0400D,"Research, Development, Test and Evaluation, Defense-Wide",MDA,04,Advanced component development and prototypes,139,0305103C,Cyber Security Initiative,Y,"1,895",,"1,895","2,104",,"2,104","2,160",,"2,160",U
0400D,"Research, Development, Test and Evaluation, Defense-Wide",OSD,04,Advanced component development and prototypes,140,0305245D8Z,Intelligence Capabilities and Innovation Investments,Y,"51,784",,"51,784","43,596",,"43,596","15,047",,"15,047",U
0400D,"Research, Development, Test and Evaluation, Defense-Wide",OSD,04,Advanced component development and prototypes,141,0901579D8Z,Office of Strategic Capital (OSC),Y,"45,410",,"45,410",,"20,000","20,000",,,,U
0400D,"Research, Development, Test and Evaluation, Defense-Wide",MDA,04,Advanced component development and prototypes,142,1206895C,Ballistic Missile Defense System Space Programs,Y,"115,442",,"115,442","71,263",,"71,263","95,819",,"95,819",U
0400D,"Research, Development, Test and Evaluation, Defense-Wide",OSD,05,System development and demonstration,143,0604122D8Z,JADC2 Development and Experimentation Activities,Y,"141,598",,"141,598",,,,,,,U
0400D,"Research, Development, Test and Evaluation, Defense-Wide",OSD,05,System development and demonstration,144,0604123D8Z,Chief Digital and Artificial Intelligence Officer (CDAO) - Dem/Val Activities,Y,"330,307",,"330,307","9,066","5,000","14,066","11,197",,"11,197",U
0400D,"Research, Development, Test and Evaluation, Defense-Wide",OSD,05,System development and demonstration,145,0604133D8Z,Alpha-1 Development Activities,Y,"48,506",,"48,506","395,882","250,000","645,882","969,825","500,000","1,469,825",U
0400D,"Research, Development, Test and Evaluation, Defense-Wide",OSD,05,System development and demonstration,146,0604161D8Z,"Nuclear Matters, System Development & Demonstration",Y,"13,274",,"13,274","12,790",,"12,790","14,919",,"14,919",U
0400D,"Research, Development, Test and Evaluation, Defense-Wide",CBDP,05,System development and demonstration,147,0604384BP,Chemical and Biological Defense Program - EMD,Y,"251,407",,"251,407","231,539",,"231,539","261,947",,"261,947",U
0400D,"Research, Development, Test and Evaluation, Defense-Wide",OSD,05,System development and demonstration,148,0604771D8Z,Joint Tactical Information Distribution System (JTIDS),Y,"12,426",,"12,426","10,380",,"10,380","10,200","23,129","33,329",U
0400D,"Research, Development, Test and Evaluation, Defense-Wide",DTRA,05,System development and demonstration,149,0605000BR,Counter Weapons of Mass Destruction Systems Development,Y,"14,474",,"14,474","14,777",,"14,777","16,713",,"16,713",U
0400D,"Research, Development, Test and Evaluation, Defense-Wide",DCMA,05,System development and demonstration,150,0605013BL,Information Technology Development,Y,"4,546",,"4,546","1,192",,"1,192","13,620",,"13,620",U
0400D,"Research, Development, Test and Evaluation, Defense-Wide",DHRA,05,System development and demonstration,151,0605021SE,Homeland Personnel Security Initiative,Y,"9,526",,"9,526","9,137",,"9,137","9,334",,"9,334",U
0400D,"Research, Development, Test and Evaluation, Defense-Wide",OSD,05,System development and demonstration,152,0605022D8Z,Defense Exportability Program,Y,"15,201",,"15,201","6,684","500,000","506,684","5,943",,"5,943",U
0400D,"Research, Development, Test and Evaluation, Defense-Wide",OSD,05,System development and demonstration,153,0605027D8Z,OUSD(C) IT Development Initiatives,Y,"7,287",,"7,287","9,627","14,000","23,627","273,253",,"273,253",U
0400D,"Research, Development, Test and Evaluation, Defense-Wide",DLA,05,System development and demonstration,154,0605080S,Defense Agency Initiatives (DAI) - Financial System,Y,"30,813",,"30,813","31,714","20,000","51,714","51,265",,"51,265",U
0400D,"Research, Development, Test and Evaluation, Defense-Wide",DTRA,05,System development and demonstration,155,0605141BR,Mission Assurance Risk Management System (MARMS),Y,"9,207",,"9,207","9,573",,"9,573",,,,U
0400D,"Research, Development, Test and Evaluation, Defense-Wide",OSD,05,System development and demonstration,156,0605210D8Z,Defense-Wide Electronic Procurement Capabilities,Y,"9,138",,"9,138","9,234",,"9,234","7,918","17,607","25,525",U
0400D,"Research, Development, Test and Evaluation, Defense-Wide",OSD,05,System development and demonstration,157,0605294D8Z,Trusted & Assured Microelectronics,Y,"145,532",,"145,532","132,785",,"132,785","51,202",,"51,202",U
0400D,"Research, Development, Test and Evaluation, Defense-Wide",OSD,05,System development and demonstration,158,0605310D8Z,Military Aviation and Installation Assurance Siting Clearinghouse,Y,,,,,,,"4,072",,"4,072",U
0400D,"Research, Development, Test and Evaluation, Defense-Wide",OSD,05,System development and demonstration,159,0605649D8Z,Acquisition Integration and Interoperability (AI2),Y,"14,167",,"14,167","13,365",,"13,365","92,689","575,868","668,557",U
0400D,"Research, Development, Test and Evaluation, Defense-Wide",OSD,05,System development and demonstration,160,0605755D8Z,Radiological and Nuclear Defense Modernization System Development and Demonstration,Y,"2,041",,"2,041","3,293",,"3,293","3,090",,"3,090",U
0400D,"Research, Development, Test and Evaluation, Defense-Wide",OSD,05,System development and demonstration,161,0605772D8Z,"Nuclear Command, Control, & Communications",Y,"3,708",,"3,708","3,114",,"3,114","2,985","7,975","10,960",U
0400D,"Research, Development, Test and Evaluation, Defense-Wide",TJS,05,System development and demonstration,162,0205401JCA,Counter - Small Unmanned Aircraft Systems (JIATF-401),Y,,,,,"6,500","6,500","580,348",,"580,348",U
0400D,"Research, Development, Test and Evaluation, Defense-Wide",OSD,05,System development and demonstration,163,0305282D8Z,Joint Fires Network (JFN),Y,,,,,"10,075","10,075",,,,U
0400D,"Research, Development, Test and Evaluation, Defense-Wide",DISA,05,System development and demonstration,164,0305282K,Joint Fires Network (JFN),Y,,,,"10,000",,"10,000","35,000",,"35,000",U
0400D,"Research, Development, Test and Evaluation, Defense-Wide",OSD,05,System development and demonstration,165,0305304D8Z,Real Property Analytics,Y,"6,890",,"6,890","6,382","3,000","9,382","2,573",,"2,573",U
0400D,"Research, Development, Test and Evaluation, Defense-Wide",OSD,05,System development and demonstration,166,0305310D8Z,Counterproliferation Advanced Development,Y,"12,847",,"12,847","12,105",,"12,105","12,751",,"12,751",U
0400D,"Research, Development, Test and Evaluation, Defense-Wide",OSD,05,System development and demonstration,167,0505167D8Z,Radiological and Nuclear Defense Modernization,Y,"1,497",,"1,497",,,,,,,U
0400D,"Research, Development, Test and Evaluation, Defense-Wide",TJS,06,Management support,168,0603829J,Joint Capability Experimentation,Y,"11,926",,"11,926","13,724",,"13,724","12,332",,"12,332",U
0400D,"Research, Development, Test and Evaluation, Defense-Wide",OSD,06,Management support,169,0604122D8Z,JADC2 Development and Experimentation Activities,Y,"271,605",,"271,605","293,597","275,000","568,597","2,109,895",,"2,109,895",U
0400D,"Research, Development, Test and Evaluation, Defense-Wide",OSD,06,Management support,170,0604538D8Z,Economic Defense Unit (EDU),Y,,,,,"266,450","266,450",,,,U
0400D,"Research, Development, Test and Evaluation, Defense-Wide",OSD,06,Management support,171,0604774D8Z,Defense Readiness Reporting System (DRRS),Y,"11,205",,"11,205","8,492",,"8,492","8,921",,"8,921",U
0400D,"Research, Development, Test and Evaluation, Defense-Wide",OSD,06,Management support,172,0604875D8Z,Joint Systems Architecture Development,Y,"9,371",,"9,371","8,510",,"8,510","11,094",,"11,094",U
0400D,"Research, Development, Test and Evaluation, Defense-Wide",OSD,06,Management support,173,0604940D8Z,Central Test and Evaluation Investment Development (CTEIP),Y,"803,846",,"803,846","807,503",,"807,503","1,153,754",,"1,153,754",U
0400D,"Research, Development, Test and Evaluation, Defense-Wide",OSD,06,Management support,174,0604942D8Z,Assessments and Evaluations,Y,"1,448",,"1,448","1,257",,"1,257",,,,U
0400D,"Research, Development, Test and Evaluation, Defense-Wide",DARPA,06,Management support,175,0605001E,Mission Support,Y,"122,998",,"122,998","115,673",,"115,673","108,101",,"108,101",U
0400D,"Research, Development, Test and Evaluation, Defense-Wide",OSD,06,Management support,176,0605100D8Z,Joint Mission Environment Test Capability (JMETC),Y,"192,258",,"192,258","189,690","250,000","439,690","234,700",,"234,700",U
0400D,"Research, Development, Test and Evaluation, Defense-Wide",TJS,06,Management support,177,0605126J,Joint Integrated Air and Missile Defense Organization (JIAMDO),Y,"63,420",,"63,420","69,706",,"69,706","69,820",,"69,820",U
0400D,"Research, Development, Test and Evaluation, Defense-Wide",OSD,06,Management support,178,0605128D8Z,Classified Program USD(P),Y,"180,906",,"180,906","189,800",,"189,800",,,,U
0400D,"Research, Development, Test and Evaluation, Defense-Wide",OSD,06,Management support,179,0605131D8Z,Live Fire Testing,Y,,,,,,,"9,020",,"9,020",U
0400D,"Research, Development, Test and Evaluation, Defense-Wide",OSD,06,Management support,180,0605142D8Z,Systems Engineering,Y,"23,910",,"23,910","24,606",,"24,606","21,992",,"21,992",U
0400D,"Research, Development, Test and Evaluation, Defense-Wide",OSD,06,Management support,181,0605151D8Z,Studies and Analysis Support - OSD,Y,"6,174",,"6,174","5,264",,"5,264","5,255",,"5,255",U
0400D,"Research, Development, Test and Evaluation, Defense-Wide",OSD,06,Management support,182,0605161D8Z,Nuclear Matters Management Support,Y,"18,052",,"18,052","12,384","15,000","27,384","21,862",,"21,862",U
0400D,"Research, Development, Test and Evaluation, Defense-Wide",OSD,06,Management support,183,0605170D8Z,Support to Networks and Information Integration,Y,"9,366",,"9,366","15,496",,"15,496","26,878",,"26,878",U
0400D,"Research, Development, Test and Evaluation, Defense-Wide",OSD,06,Management support,184,0605200D8Z,General Support to OUSD(Intelligence and Security),Y,"8,555",,"8,555","8,468","5,000","13,468","10,695",,"10,695",U
0400D,"Research, Development, Test and Evaluation, Defense-Wide",CBDP,06,Management support,185,0605384BP,Chemical and Biological Defense Program,Y,"77,455",,"77,455","68,563",,"68,563","89,467",,"89,467",U
0400D,"Research, Development, Test and Evaluation, Defense-Wide",CBDP,06,Management support,186,0605502BP,Small Business Innovative Research - Chemical Biological Def,Y,"23,554",,"23,554",,,,,,,U
0400D,"Research, Development, Test and Evaluation, Defense-Wide",DTRA,06,Management support,187,0605502BR,Small Business Innovation Research,Y,"15,758",,"15,758",,,,,,,U
0400D,"Research, Development, Test and Evaluation, Defense-Wide",MDA,06,Management support,188,0605502C,Small Business Innovation Research - MDA,Y,"110,040",,"110,040",,,,,,,U
0400D,"Research, Development, Test and Evaluation, Defense-Wide",OSD,06,Management support,189,0605502D8Z,Small Business Innovative Research,Y,"236,706",,"236,706",,,,,,,U
0400D,"Research, Development, Test and Evaluation, Defense-Wide",DARPA,06,Management support,190,0605502E,Small Business Innovative Research,Y,"130,133",,"130,133",,,,,,,U
0400D,"Research, Development, Test and Evaluation, Defense-Wide",DLA,06,Management support,191,0605502S,Small Business Innovative Research,Y,"9,711",,"9,711",,,,,,,U
0400D,"Research, Development, Test and Evaluation, Defense-Wide",OSD,06,Management support,192,0605711D8Z,Critical Technology Analysis,Y,"11,129",,"11,129","11,665",,"11,665","10,913",,"10,913",U
0400D,"Research, Development, Test and Evaluation, Defense-Wide",OSD,06,Management support,193,0605790D8Z,Small Business Innovation Research (SBIR)/ Small Business Technology Transfer (STTR) Administration,Y,"5,346",,"5,346","8,411",,"8,411","8,435",,"8,435",U
0400D,"Research, Development, Test and Evaluation, Defense-Wide",OSD,06,Management support,194,0605797D8Z,Maintaining Technology Advantage,Y,"30,701",,"30,701","29,365",,"29,365","35,512",,"35,512",U
0400D,"Research, Development, Test and Evaluation, Defense-Wide",OSD,06,Management support,195,0605798D8Z,Defense Technology Analysis,Y,"25,744",,"25,744","44,826",,"44,826","165,450",,"165,450",U
0400D,"Research, Development, Test and Evaluation, Defense-Wide",DTIC,06,Management support,196,0605801KA,Defense Technical Information Center (DTIC),Y,"70,709",,"70,709","60,002",,"60,002","57,576",,"57,576",U
0400D,"Research, Development, Test and Evaluation, Defense-Wide",DHRA,06,Management support,197,0605803SE,"R&D in Support of DoD Enlistment, Testing and Evaluation",Y,"25,407",,"25,407","35,778",,"35,778","34,359",,"34,359",U
0400D,"Research, Development, Test and Evaluation, Defense-Wide",OSD,06,Management support,198,0605804D8Z,Development Test and Evaluation,Y,"36,214",,"36,214","36,990",,"36,990","35,106",,"35,106",U
0400D,"Research, Development, Test and Evaluation, Defense-Wide",DARPA,06,Management support,199,0605898E,Management HQ - R&D,Y,"15,587",,"15,587","13,623",,"13,623","5,383",,"5,383",U
0400D,"Research, Development, Test and Evaluation, Defense-Wide",DTIC,06,Management support,200,0605998KA,Management HQ - Defense Technical Information Center (DTIC),Y,"3,505",,"3,505","3,466",,"3,466","3,489",,"3,489",U
0400D,"Research, Development, Test and Evaluation, Defense-Wide",OSD,06,Management support,201,0606005D8Z,Special Activities,Y,"17,768",,"17,768","18,384",,"18,384","19,260",,"19,260",U
0400D,"Research, Development, Test and Evaluation, Defense-Wide",OSD,06,Management support,202,0606100D8Z,Budget and Program Assessments,Y,"13,749",,"13,749","12,899",,"12,899","10,678",,"10,678",U
0400D,"Research, Development, Test and Evaluation, Defense-Wide",OSD,06,Management support,203,0606114D8Z,Analysis Working Group (AWG) Support,Y,879,,879,"5,155",,"5,155","11,668",,"11,668",U
0400D,"Research, Development, Test and Evaluation, Defense-Wide",OSD,06,Management support,204,0606135D8Z,Chief Digital and Artificial Intelligence Officer (CDAO) Activities,Y,"8,923",,"8,923",,,,,,,U
0400D,"Research, Development, Test and Evaluation, Defense-Wide",OSD,06,Management support,205,0606220D8Z,Office of the Secretary of War Enterprise Transformation and Modernization,Y,,,,,,,"75,000",,"75,000",U
0400D,"Research, Development, Test and Evaluation, Defense-Wide",OSD,06,Management support,206,0606225D8Z,ODNA Technology and Resource Analysis,Y,"2,903",,"2,903","3,461",,"3,461","3,264",,"3,264",U
0400D,"Research, Development, Test and Evaluation, Defense-Wide",OSD,06,Management support,207,0606300D8Z,Defense Science Board,Y,"4,287",,"4,287","6,481",,"6,481","6,307",,"6,307",U
0400D,"Research, Development, Test and Evaluation, Defense-Wide",OSD,06,Management support,208,0606301D8Z,Aviation Safety Technologies,Y,"1,850",,"1,850","1,690",,"1,690",986,,986,U
0400D,"Research, Development, Test and Evaluation, Defense-Wide",OSD,06,Management support,209,0606771D8Z,Cyber Resiliency and Cybersecurity Policy,Y,"43,755",,"43,755","23,899","60,000","83,899","30,746",,"30,746",U
0400D,"Research, Development, Test and Evaluation, Defense-Wide",OSD,06,Management support,210,0606774D8Z,Defense Civilian Training Corps,Y,"26,064",,"26,064","8,636",,"8,636",,,,U
0400D,"Research, Development, Test and Evaluation, Defense-Wide",OSD,06,Management support,211,0606775D8Z,Joint Production Accelerator Cell (JPAC),Y,,,,"5,458",,"5,458","6,215",,"6,215",U
0400D,"Research, Development, Test and Evaluation, Defense-Wide",OSD,06,Management support,212,0606829D8Z,Sustainment Transition Capabilities,Y,,,,"30,000",,"30,000","29,408",,"29,408",U
0400D,"Research, Development, Test and Evaluation, Defense-Wide",DTRA,06,Management support,213,0606853BR,"Management, Technical & International Support",Y,"9,791",,"9,791","14,672",,"14,672",,,,U
0400D,"Research, Development, Test and Evaluation, Defense-Wide",OSD,06,Management support,214,0203345D8Z,Defense Operations Security Initiative (DOSI),Y,"3,046",,"3,046","2,458",,"2,458",,,,U
0400D,"Research, Development, Test and Evaluation, Defense-Wide",TJS,06,Management support,215,0204571J,Joint Staff Analytical Support,Y,"7,165",,"7,165","8,013",,"8,013","5,088",,"5,088",U
0400D,"Research, Development, Test and Evaluation, Defense-Wide",OSD,06,Management support,216,0207834D8Z,Biosurveillance Program,Y,,,,,,,"7,000",,"7,000",U
0400D,"Research, Development, Test and Evaluation, Defense-Wide",DISA,06,Management support,217,0208045K,C4I Interoperability,Y,"65,144",,"65,144","70,893",,"70,893","72,581",,"72,581",U
0400D,"Research, Development, Test and Evaluation, Defense-Wide",OSD,06,Management support,218,0303169D8Z,Information Technology Rapid Acquisition,Y,,,,"4,294",,"4,294","6,416",,"6,416",U
0400D,"Research, Development, Test and Evaluation, Defense-Wide",DISA,06,Management support,219,0305172K,Combined Advanced Applications,Y,"22,831",,"22,831","5,447",,"5,447","5,566",,"5,566",U
0400D,"Research, Development, Test and Evaluation, Defense-Wide",DISA,06,Management support,221,0305208K,Distributed Common Ground/Surface Systems,Y,"2,988",,"2,988","2,887",,"2,887","2,951",,"2,951",U
0400D,"Research, Development, Test and Evaluation, Defense-Wide",TJS,06,Management support,222,0305248J,Joint Staff Office of the Chief Data Officer (OCDO) Activities,Y,"12,508",,"12,508","14,398",,"14,398","67,007",,"67,007",U
0400D,"Research, Development, Test and Evaluation, Defense-Wide",TJS,06,Management support,223,0804768J,COCOM Exercise Engagement and Training Transformation (CE2T2) - non-MHA,Y,"128,160",,"128,160","98,303",,"98,303","90,424",,"90,424",U
0400D,"Research, Development, Test and Evaluation, Defense-Wide",DHRA,06,Management support,224,0808709SE,Defense Equal Opportunity Management Institute (DEOMI),Y,315,,315,388,,388,,,,U
0400D,"Research, Development, Test and Evaluation, Defense-Wide",DHRA,06,Management support,225,0808737SE,Integrated Primary Prevention,Y,"5,096",,"5,096","5,744",,"5,744","5,768",,"5,768",U
0400D,"Research, Development, Test and Evaluation, Defense-Wide",MDA,06,Management support,226,0901598C,Management HQ - MDA,Y,"32,186",,"32,186","28,719",,"28,719","31,863",,"31,863",U
0400D,"Research, Development, Test and Evaluation, Defense-Wide",DISA,06,Management support,227,0903235K,Joint Service Provider (JSP),Y,"2,162",,"2,162","1,283",,"1,283",,,,U
0400D,"Research, Development, Test and Evaluation, Defense-Wide",OSD,06,Management support,228,0909999D8Z,Financing for Cancelled Account Adjustments,Y,"1,000",,"1,000",,,,,,,U
0400D,"Research, Development, Test and Evaluation, Defense-Wide",,06,Management support,999,9999999999,Classified Programs,Y,"37,738",,"37,738","31,148","8,700","39,848","36,977",,"36,977",U
0400D,"Research, Development, Test and Evaluation, Defense-Wide",OSD,07,Operational system development,229,0604011D8Z,Next Generation Information Communications Technology (5G),Y,"10,292",,"10,292","22,122","148,620","170,742","5,893",,"5,893",U
0400D,"Research, Development, Test and Evaluation, Defense-Wide",DISA,07,Operational system development,230,0604011K,Next Generation Information Communications Technology (5G),Y,"1,500",,"1,500",,,,,,,U
0400D,"Research, Development, Test and Evaluation, Defense-Wide",OSD,07,Operational system development,231,0604538D8Z,Economic Defense Unit (EDU),Y,,,,,,,"403,903","189,378","593,281",U
0400D,"Research, Development, Test and Evaluation, Defense-Wide",OSD,07,Operational system development,232,0607162D8Z,Chemical and Biological Weapons Elimination Technology Improvement,Y,"11,478",,"11,478","14,319",,"14,319","2,931",,"2,931",U
0400D,"Research, Development, Test and Evaluation, Defense-Wide",OSD,07,Operational system development,233,0607210D8Z,Industrial Base Analysis and Sustainment Support,Y,"515,130","460,000","975,130","801,720","10,465,004","11,266,724","1,177,356","40,646,927","41,824,283",U
0400D,"Research, Development, Test and Evaluation, Defense-Wide",OSD,07,Operational system development,234,0607310D8Z,Counterproliferation Modernization,Y,"11,151",,"11,151","12,697",,"12,697","11,304",,"11,304",U
0400D,"Research, Development, Test and Evaluation, Defense-Wide",DSCA,07,Operational system development,235,0607327T,Global Theater Security Cooperation Management Information Systems (G-TSCMIS),Y,"8,338",,"8,338","6,056",,"6,056","6,010",,"6,010",U
0400D,"Research, Development, Test and Evaluation, Defense-Wide",CBDP,07,Operational system development,236,0607384BP,Chemical and Biological Defense (Operational Systems Development),Y,"73,489",,"73,489","77,337",,"77,337","82,695",,"82,695",U
0400D,"Research, Development, Test and Evaluation, Defense-Wide",DTRA,07,Operational system development,237,0607385BR,Counter Weapons of Mass Destruction Operational Systems Development,Y,,,,,,,"4,108",,"4,108",U
0400D,"Research, Development, Test and Evaluation, Defense-Wide",OSD,07,Operational system development,238,0607757D8Z,Radiological and Nuclear Defense Modernization Operational System Development,Y,912,,912,"2,941",,"2,941","2,794",,"2,794",U
0400D,"Research, Development, Test and Evaluation, Defense-Wide",CYBER,07,Operational system development,239,0208085JCY,Robust Infrastructure and Access,Y,"48,559",,"48,559","88,522","61,000","149,522","155,613",,"155,613",U
0400D,"Research, Development, Test and Evaluation, Defense-Wide",CYBER,07,Operational system development,240,0208097JCY,Cyber Command and Control (Cyber C2),Y,"96,932",,"96,932","85,833",,"85,833","85,958",,"85,958",U
0400D,"Research, Development, Test and Evaluation, Defense-Wide",CYBER,07,Operational system development,241,0208099JCY,Data and Unified Platform (D&UP),Y,"91,550",,"91,550","83,039",,"83,039","84,687",,"84,687",U
0400D,"Research, Development, Test and Evaluation, Defense-Wide",DISA,07,Operational system development,245,0302019K,Defense Info Infrastructure Engineering and Integration,Y,"12,374",,"12,374","16,162",,"16,162","13,312",,"13,312",U
0400D,"Research, Development, Test and Evaluation, Defense-Wide",DCSA,07,Operational system development,246,0302609V,Countering Threats Automated Platform,Y,"5,617",,"5,617","5,030",,"5,030","11,710",,"11,710",U
0400D,"Research, Development, Test and Evaluation, Defense-Wide",DISA,07,Operational system development,247,0303126K,Long-Haul Communications - DCS,Y,"47,729",,"47,729","38,466",,"38,466","10,508",,"10,508",U
0400D,"Research, Development, Test and Evaluation, Defense-Wide",DISA,07,Operational system development,248,0303131K,Minimum Essential Emergency Communications Network (MEECN),Y,"4,985",,"4,985","5,113",,"5,113","10,307",,"10,307",U
0400D,"Research, Development, Test and Evaluation, Defense-Wide",OSD,07,Operational system development,250,0303140D8Z,Information Systems Security Program,Y,"34,804",,"34,804","60,524",,"60,524","35,214",,"35,214",U
0400D,"Research, Development, Test and Evaluation, Defense-Wide",DISA,07,Operational system development,252,0303140K,Information Systems Security Program,Y,"8,881",,"8,881","23,224",,"23,224","33,502",,"33,502",U
0400D,"Research, Development, Test and Evaluation, Defense-Wide",DISA,07,Operational system development,253,0303153K,Defense Spectrum Organization,Y,"24,530",,"24,530","20,174",,"20,174","49,466",,"49,466",U
0400D,"Research, Development, Test and Evaluation, Defense-Wide",DISA,07,Operational system development,254,0303171K,Joint Planning and Execution Services,Y,"3,816",,"3,816","6,242",,"6,242","10,615",,"10,615",U
0400D,"Research, Development, Test and Evaluation, Defense-Wide",DISA,07,Operational system development,255,0303228K,Joint Regional Security Stacks (JRSS),Y,"2,284",,"2,284",,,,,,,U
0400D,"Research, Development, Test and Evaluation, Defense-Wide",DISA,07,Operational system development,256,0303267K,Auctioned Spectrum Relocation Fund,Y,"2,821",,"2,821",,,,,,,U
0400D,"Research, Development, Test and Evaluation, Defense-Wide",DCSA,07,Operational system development,257,0303430V,Federal Investigative Services Information Technology,Y,,,,"22,700",,"22,700","50,900",,"50,900",U
0400D,"Research, Development, Test and Evaluation, Defense-Wide",DISA,07,Operational system development,258,0303667K,Citizen Broadband Radio System,Y,"5,218",,"5,218",,,,,,,U
0400D,"Research, Development, Test and Evaluation, Defense-Wide",OSD,07,Operational system development,259,0303867D8Z,AMBIT - Post-Auctioned SRF,Y,"48,674",,"48,674",,,,,,,U
0400D,"Research, Development, Test and Evaluation, Defense-Wide",DISA,07,Operational system development,260,0303867K,AMBIT - Post-Auctioned SRF,Y,"15,313",,"15,313",,,,,,,U
0400D,"Research, Development, Test and Evaluation, Defense-Wide",OSD,07,Operational system development,261,0303970D8Z,SPP-L3G-ADSSD,Y,"121,465",,"121,465",,,,,,,U
0400D,"Research, Development, Test and Evaluation, Defense-Wide",OSD,07,Operational system development,265,0305104D8Z,Defense Industrial Base (DIB) Cyber Security Initiative,Y,"14,956",,"14,956","10,687",,"10,687","17,077",,"17,077",U
0400D,"Research, Development, Test and Evaluation, Defense-Wide",DCSA,07,Operational system development,269,0305146V,Defense Joint Counterintelligence Activities,Y,"1,800",,"1,800","1,800",,"1,800","6,751",,"6,751",U
0400D,"Research, Development, Test and Evaluation, Defense-Wide",OSD,07,Operational system development,270,0305172D8Z,Combined Advanced Applications,Y,"40,155",,"40,155","22,548",,"22,548","18,912",,"18,912",U
0400D,"Research, Development, Test and Evaluation, Defense-Wide",OSD,07,Operational system development,272,0305186D8Z,Policy R&D Programs,Y,"6,094",,"6,094","5,996",,"5,996","11,740",,"11,740",U
0400D,"Research, Development, Test and Evaluation, Defense-Wide",OSD,07,Operational system development,275,0305199D8Z,Net Centricity,Y,"17,099",,"17,099","16,872",,"16,872","55,673",,"55,673",U
0400D,"Research, Development, Test and Evaluation, Defense-Wide",SOCOM,07,Operational system development,277,0305208BB,Distributed Common Ground/Surface Systems,Y,"5,854",,"5,854","5,656",,"5,656",,,,U
0400D,"Research, Development, Test and Evaluation, Defense-Wide",OSD,07,Operational system development,282,0305387D8Z,Homeland Defense Technology Transfer Program,Y,"1,829",,"1,829","1,758",,"1,758","1,730",,"1,730",U
0400D,"Research, Development, Test and Evaluation, Defense-Wide",DISA,07,Operational system development,283,0305601K,Mission Partner Environments,Y,,,,,,,"15,464",,"15,464",U
0400D,"Research, Development, Test and Evaluation, Defense-Wide",CYBER,07,Operational system development,293,0306250JCY,Cyber Operations Technology Support,Y,"519,937",,"519,937","473,399","776,449","1,249,848","1,303,094",,"1,303,094",U
0400D,"Research, Development, Test and Evaluation, Defense-Wide",DCSA,07,Operational system development,294,0307609V,National Industrial Security Systems (NISS),Y,"37,499",,"37,499","33,916",,"33,916","19,840",,"19,840",U
0400D,"Research, Development, Test and Evaluation, Defense-Wide",OSD,07,Operational system development,296,0505167D8Z,Radiological and Nuclear Defense Modernization,Y,727,,727,,,,,,,U
0400D,"Research, Development, Test and Evaluation, Defense-Wide",DISA,07,Operational system development,297,0708012K,Logistics Support Activities,Y,"1,406",,"1,406","2,876",,"2,876","2,051",,"2,051",U
0400D,"Research, Development, Test and Evaluation, Defense-Wide",DLA,07,Operational system development,298,0708012S,Pacific Disaster Centers,Y,"6,129",,"6,129","9,500",,"9,500",,,,U
0400D,"Research, Development, Test and Evaluation, Defense-Wide",DLA,07,Operational system development,299,0708047S,Defense Property Accountability System,Y,"2,894",,"2,894","3,020",,"3,020","2,829",,"2,829",U
0400D,"Research, Development, Test and Evaluation, Defense-Wide",SOCOM,07,Operational system development,300,1105219BB,MQ-9 UAV,Y,"33,579",,"33,579",,,,,,,U
0400D,"Research, Development, Test and Evaluation, Defense-Wide",SOCOM,07,Operational system development,301,1160279BB,Small Business Innovative Research/Small Bus Tech Transfer Pilot Prog,Y,"42,044",,"42,044",,,,,,,U
0400D,"Research, Development, Test and Evaluation, Defense-Wide",SOCOM,07,Operational system development,302,1160403BB,Aviation Systems,Y,"229,942",,"229,942","126,378","105,546","231,924","216,781",,"216,781",U
0400D,"Research, Development, Test and Evaluation, Defense-Wide",SOCOM,07,Operational system development,303,1160405BB,Intelligence Systems Development,Y,"82,648",,"82,648","112,732",,"112,732","109,227",,"109,227",U
0400D,"Research, Development, Test and Evaluation, Defense-Wide",SOCOM,07,Operational system development,304,1160408BB,Operational Enhancements,Y,"246,477",,"246,477","253,538","105,973","359,511","279,478",,"279,478",U
0400D,"Research, Development, Test and Evaluation, Defense-Wide",SOCOM,07,Operational system development,305,1160431BB,Warrior Systems,Y,"272,132",,"272,132","294,040","50,425","344,465","435,074",,"435,074",U
0400D,"Research, Development, Test and Evaluation, Defense-Wide",SOCOM,07,Operational system development,306,1160432BB,Special Programs,Y,519,,519,541,"10,000","10,541","25,761",,"25,761",U
0400D,"Research, Development, Test and Evaluation, Defense-Wide",SOCOM,07,Operational system development,307,1160434BB,Unmanned ISR,Y,"31,578",,"31,578","10,281",,"10,281",,,,U
0400D,"Research, Development, Test and Evaluation, Defense-Wide",SOCOM,07,Operational system development,308,1160480BB,SOF Tactical Vehicles,Y,"6,769",,"6,769","10,265",,"10,265",,,,U
0400D,"Research, Development, Test and Evaluation, Defense-Wide",SOCOM,07,Operational system development,309,1160483BB,Maritime Systems,Y,"194,828",,"194,828","126,047","180,813","306,860","351,721",,"351,721",U
0400D,"Research, Development, Test and Evaluation, Defense-Wide",SOCOM,07,Operational system development,310,1160490BB,Operational Enhancements Intelligence,Y,"27,233",,"27,233","41,752",,"41,752","25,747",,"25,747",U
0400D,"Research, Development, Test and Evaluation, Defense-Wide",DISA,07,Operational system development,311,1203610K,Teleport Program,Y,,,,"24,319",,"24,319","22,244",,"22,244",U
0400D,"Research, Development, Test and Evaluation, Defense-Wide",,07,Operational system development,999,9999999999,Classified Programs,Y,"8,704,053","21,722","8,725,775","7,888,395",,"7,888,395","8,923,353",,"8,923,353",U
0400D,"Research, Development, Test and Evaluation, Defense-Wide",OSD,08,Software and digital technology pilot programs,312,0608140D8Z,Enterprise Platforms and Capabilities - Software Pilot Program,Y,,,,"387,238",,"387,238","481,775",,"481,775",U
0400D,"Research, Development, Test and Evaluation, Defense-Wide",OSD,08,Software and digital technology pilot programs,313,0608500D8Z,Weaponeering Code Sustainment,Y,,,,,,,"23,071",,"23,071",U
0400D,"Research, Development, Test and Evaluation, Defense-Wide",OSD,08,Software and digital technology pilot programs,314,0608648D8Z,Acquisition Visibility - Software Pilot Program,Y,"17,251",,"17,251","17,301",,"17,301","64,364","109,176","173,540",U
0400D,"Research, Development, Test and Evaluation, Defense-Wide",OSD,08,Software and digital technology pilot programs,315,0608775D8Z,Accelerate the Procurement and Fielding of Innovative Technologies (APFIT),Y,,,,"75,000",,"75,000",,,,U
0400D,"Research, Development, Test and Evaluation, Defense-Wide",OSD,08,Software and digital technology pilot programs,316,0608776D8Z,Defense Innovation Unit Fielding,Y,"576,474",,"576,474","269,545","487,343","756,888","433,867",,"433,867",U
0400D,"Research, Development, Test and Evaluation, Defense-Wide",DISA,08,Software and digital technology pilot programs,317,0303150K,Global Command and Control System,Y,"32,632",,"32,632","44,474",,"44,474","124,329",,"124,329",U
0107D,Office of the Inspector General,IG,02,"Research, Development, Test, and Evaluation",1,0901517X,"Inspector General, DoD, Audit, Intelligence and Non-Criminal Investigative Activities",N,"1,900",,"1,900","4,625",,"4,625","1,506",,"1,506",U
3007D,Golden Dome for America Fund,OSD,01,Operation and maintenance*,1,0604139D8Z,Golden Dome for America - MDA,Y,,,,,,,,"893,000","893,000",U
3007D,Golden Dome for America Fund,OSD,01,Operation and maintenance*,2,0205159D8Z,Golden Dome for America - Army,Y,,,,,"135,000","135,000",,"7,050","7,050",U
3007D,Golden Dome for America Fund,OSD,01,Operation and maintenance*,3,0207159D8Z,Golden Dome for America - Air Force,Y,,,,,"143,500","143,500",,"143,500","143,500",U
3007D,Golden Dome for America Fund,OSD,01,Operation and maintenance*,4,0901159D8Z,Golden Dome for America,Y,,,,,"55,700","55,700",,"105,684","105,684",U
3007D,Golden Dome for America Fund,OSD,02,Procurement*,5,0604139D8Z,Golden Dome for America - MDA,Y,,,,,"414,400","414,400",,"1,781,400","1,781,400",U
3007D,Golden Dome for America Fund,OSD,02,Procurement*,6,0205159D8Z,Golden Dome for America - Army,Y,,,,,"516,100","516,100",,,,U
3007D,Golden Dome for America Fund,OSD,02,Procurement*,7,0207159D8Z,Golden Dome for America - Air Force,Y,,,,,"365,700","365,700",,"365,700","365,700",U
3007D,Golden Dome for America Fund,OSD,03,"Research, dev, test & eval*",8,0603159D8Z,Golden Dome for America - DARPA,Y,,,,,"697,700","697,700",,"174,300","174,300",U
3007D,Golden Dome for America Fund,OSD,03,"Research, dev, test & eval*",9,0604139D8Z,Golden Dome for America - MDA,Y,,,,,"3,603,100","3,603,100","367,000","4,129,600","4,496,600",U
3007D,Golden Dome for America Fund,OSD,03,"Research, dev, test & eval*",10,0604159D8Z,Golden Dome for America - SCO,Y,,,,,"340,000","340,000",,"200,000","200,000",U
3007D,Golden Dome for America Fund,OSD,03,"Research, dev, test & eval*",11,0104159D8Z,"Golden Dome - Directed Energy System Development, Integration and Assessment",Y,,,,,"142,000","142,000",,"452,000","452,000",U
3007D,Golden Dome for America Fund,OSD,03,"Research, dev, test & eval*",12,0205159D8Z,Golden Dome for America - Army,Y,,,,,"839,000","839,000",,"427,000","427,000",U
3007D,Golden Dome for America Fund,OSD,03,"Research, dev, test & eval*",13,0207159D8Z,Golden Dome for America - Air Force,Y,,,,,"182,800","182,800",,"615,000","615,000",U
3007D,Golden Dome for America Fund,OSD,03,"Research, dev, test & eval*",14,0304159D8Z,Golden Dome for America - USD(I&S),Y,,,,,"641,100","641,100",,"496,702","496,702",U
3007D,Golden Dome for America Fund,OSD,03,"Research, dev, test & eval*",15,0901159D8Z,Golden Dome for America,Y,,,,,"2,243,200","2,243,200","30,971","2,792,517","2,823,488",U
3007D,Golden Dome for America Fund,OSD,03,"Research, dev, test & eval*",16,1204159D8Z,Golden Dome for America - Space Programs,Y,,,,,"10,623,800","10,623,800",,"4,536,698","4,536,698",U
3007D,Golden Dome for America Fund,OSD,04,Advanced component development and prototypes*,17,0604159D8Z,Golden Dome for America - SCO,Y,,"25,000","25,000",,"10,000","10,000",,,,U
3007D,Golden Dome for America Fund,OSD,04,Advanced component development and prototypes*,18,0604250D8Z,Advanced Innovative Technologies,Y,,,,,"12,000","12,000",,,,U
3007D,Golden Dome for America Fund,OSD,07,Operational system development*,19,1204159D8Z,Golden Dome for America - Space Programs,Y,,"9,000","9,000",,"132,000","132,000",,,,U
0460D,"Operational Test and Evaluation, Defense",OTE,06,Management support,1,0605118OTE,Operational Test and Evaluation,Y,"136,226",,"136,226","151,542",,"151,542","101,365",,"101,365",U
0460D,"Operational Test and Evaluation, Defense",OTE,06,Management support,2,0605131OTE,Live Fire Test and Evaluation,Y,"109,561",,"109,561","108,109",,"108,109","11,000",,"11,000",U
0460D,"Operational Test and Evaluation, Defense",OTE,06,Management support,3,0605814OTE,Operational Test Activities and Analyses,Y,"102,922",,"102,922","76,492",,"76,492",,,,U
0130D,Combat and Operational Medicine Program,DHA,02,"Research, Development, Test, and Evaluation",1,0601117DHA,Basic Operational Medical Research Science,N,"41,476",,"41,476","41,660",,"41,660","41,924",,"41,924",U
0130D,Combat and Operational Medicine Program,DHA,02,"Research, Development, Test, and Evaluation",2,0602115DHA,Applied Biomedical Technology,N,"187,036",,"187,036","228,841",,"228,841","183,565",,"183,565",U
0130D,Combat and Operational Medicine Program,DHA,02,"Research, Development, Test, and Evaluation",3,0602787DHA,Medical Technology,N,"1,528",,"1,528","1,557",,"1,557","1,588",,"1,588",U
0130D,Combat and Operational Medicine Program,DHA,02,"Research, Development, Test, and Evaluation",4,0603002DHA,Medical Advanced Technology,N,380,,380,388,,388,396,,396,U
0130D,Combat and Operational Medicine Program,DHA,02,"Research, Development, Test, and Evaluation",5,0603115DHA,Medical Development,N,"1,031,445",,"1,031,445","1,755,684",,"1,755,684","360,845",,"360,845",U
0130D,Combat and Operational Medicine Program,DHA,02,"Research, Development, Test, and Evaluation",6,0604110DHA,Medical Products Support and Advanced Concept Development,N,"195,518",,"195,518","208,983",,"208,983","186,018",,"186,018",U
0130D,Combat and Operational Medicine Program,DHA,02,"Research, Development, Test, and Evaluation",7,0605013DHA,Information Technology Development,N,"10,146",,"10,146","10,169",,"10,169","16,760",,"16,760",U
0130D,Combat and Operational Medicine Program,DHA,02,"Research, Development, Test, and Evaluation",8,0605026DHA,Information Technology Development- DoD Healthcare Management System Modernization,N,"6,144",,"6,144","6,038",,"6,038","5,141",,"5,141",U
0130D,Combat and Operational Medicine Program,DHA,02,"Research, Development, Test, and Evaluation",9,0605039DHA,DoD Medical Information Exchange and Interoperability,N,"28,444",,"28,444","8,337",,"8,337","8,504",,"8,504",U
0130D,Combat and Operational Medicine Program,DHA,02,"Research, Development, Test, and Evaluation",10,0605045DHA,Joint Operational Medicine Information System,N,"28,095",,"28,095","28,707",,"28,707","29,353",,"29,353",U
0130D,Combat and Operational Medicine Program,DHA,02,"Research, Development, Test, and Evaluation",11,0605145DHA,Medical Products and Support Systems Development,N,"58,102",,"58,102","63,939",,"63,939","64,904",,"64,904",U
0130D,Combat and Operational Medicine Program,DHA,02,"Research, Development, Test, and Evaluation",12,0606105DHA,Medical Program-Wide Activities,N,"88,425",,"88,425","99,338",,"99,338","100,912",,"100,912",U
0130D,Combat and Operational Medicine Program,DHA,02,"Research, Development, Test, and Evaluation",13,0607100DHA,Medical Products and Capabilities Enhancement Activities,N,"18,697",,"18,697","19,071",,"19,071","19,452",,"19,452",U